0,0.0015959479,0.9984041
1,2.1234584e-05,0.9999788
2,1.139719e-06,0.9999988
3,1.4578863e-07,0.9999999
4,8.753038e-06,0.9999913
5,0.99999964,3.8101743e-07
6,1.4526167e-07,0.9999999
7,0.9999962,3.8077985e-06
8,3.5483998e-05,0.9999645
9,4.207491e-08,1.0
10,0.003894279,0.99610573
11,0.00048033317,0.9995197
12,3.6827484e-07,0.99999964
13,1.7261844e-08,1.0
14,2.806736e-08,1.0
15,0.99999774,2.2297168e-06
16,7.2501035e-07,0.9999993
17,0.99999523,4.786354e-06
18,0.9999995,4.7697495e-07
19,9.319235e-06,0.9999907
20,0.998396,0.0016040565
21,8.780729e-08,0.9999999
22,2.8285715e-06,0.99999714
23,1.3136198e-06,0.9999987
24,0.99959916,0.00040081295
25,0.00047557478,0.9995245
26,6.4635407e-07,0.9999994
27,3.0994048e-08,1.0
28,4.7848935e-08,1.0
29,3.0763627e-09,1.0
30,5.3380973e-08,1.0
31,5.9615983e-09,1.0
32,1.0,7.2285053e-09
33,9.2290236e-07,0.99999905
34,9.417741e-08,0.9999999
35,1.1080564e-08,1.0
36,1.770501e-07,0.9999999
37,6.838667e-06,0.9999932
38,0.9997167,0.0002833169
39,1.4701582e-08,1.0
40,1.2745343e-06,0.9999987
41,6.54348e-08,0.9999999
42,7.8125574e-08,0.9999999
43,1.09525615e-07,0.9999999
44,4.506453e-05,0.99995494
45,6.248568e-07,0.9999994
46,0.0013595497,0.9986405
47,1.2618509e-06,0.9999987
48,5.61265e-07,0.9999994
49,2.8056125e-05,0.999972
50,8.3516477e-07,0.99999917
51,1.6059405e-05,0.9999839
52,0.0002465796,0.9997534
53,1.2296759e-08,1.0
54,1.1010088e-09,1.0
55,0.99997675,2.3226117e-05
56,0.00047767418,0.9995223
57,2.5956142e-06,0.9999974
58,0.0002826063,0.9997174
59,4.5257465e-07,0.9999995
60,3.6401758e-08,1.0
61,4.4334747e-06,0.9999956
62,0.99995816,4.178403e-05
63,1.4727823e-08,1.0
64,5.544827e-07,0.9999994
65,8.7773044e-10,1.0
66,1.4838727e-07,0.9999999
67,0.98833954,0.011660466
68,1.0,5.37149e-10
69,1.0603319e-08,1.0
70,6.9365495e-05,0.9999306
71,0.00017979334,0.9998203
72,0.9988865,0.0011134369
73,3.0322994e-05,0.9999697
74,1.3193521e-07,0.9999999
75,0.99971646,0.00028354957
76,7.230084e-06,0.9999927
77,1.0614611e-08,1.0
78,1.0,1.07244205e-08
79,8.5963524e-07,0.99999917
80,1.2396742e-07,0.9999999
81,1.01749684e-07,0.9999999
82,1.987908e-06,0.999998
83,9.996568e-08,0.9999999
84,0.02389321,0.97610676
85,0.00045335895,0.9995466
86,0.9999993,7.4923264e-07
87,5.54006e-08,1.0
88,1.1194339e-05,0.9999888
89,0.00045101537,0.999549
90,1.8075224e-06,0.9999982
91,0.00020152096,0.9997985
92,1.5593877e-06,0.99999845
93,1.5970121e-05,0.999984
94,0.99999964,3.7300384e-07
95,6.245009e-09,1.0
96,4.6910364e-09,1.0
97,3.1494864e-08,1.0
98,5.084411e-06,0.9999949
99,1.7650702e-06,0.9999982
100,7.471506e-08,0.9999999
101,1.207207e-05,0.99998796
102,1.6176244e-08,1.0
103,1.2336766e-08,1.0
104,0.9999682,3.1811804e-05
105,6.095268e-06,0.9999939
106,9.5356995e-08,0.9999999
107,0.00021778829,0.99978226
108,1.0903575e-06,0.9999989
109,7.5502926e-06,0.9999925
110,1.3690494e-09,1.0
111,1.0,2.1889442e-10
112,1.2317884e-06,0.9999988
113,1.6407907e-06,0.99999833
114,7.886104e-05,0.9999211
115,1.0,6.610679e-09
116,2.8208615e-05,0.99997175
117,2.4396312e-09,1.0
118,1.0769491e-09,1.0
119,0.98972136,0.010278619
120,8.515136e-08,0.9999999
121,3.5253226e-05,0.9999647
122,1.5353471e-08,1.0
123,4.750148e-08,1.0
124,0.9999982,1.8287363e-06
125,0.013532774,0.9864673
126,8.8230856e-08,0.9999999
127,1.0,5.228929e-09
128,0.99942255,0.00057744246
129,9.058577e-08,0.9999999
130,7.2224142e-09,1.0
131,1.0,4.2188253e-10
132,0.00015546978,0.99984455
133,0.99999976,1.8005855e-07
134,3.923279e-08,1.0
135,9.203616e-08,0.9999999
136,2.9447526e-07,0.99999976
137,1.0,2.1676314e-09
138,0.15755162,0.84244835
139,1.2457256e-05,0.9999875
140,3.3010174e-08,1.0
141,1.15275025e-08,1.0
142,8.268813e-07,0.99999917
143,0.0021037962,0.9978962
144,4.4436103e-05,0.99995553
145,7.824032e-06,0.99999213
146,8.644869e-05,0.9999136
147,0.99977964,0.00022033749
148,6.061697e-09,1.0
149,7.234602e-09,1.0
150,2.6852378e-05,0.9999732
151,2.6308277e-07,0.99999976
152,1.19934755e-08,1.0
153,0.0007144619,0.9992855
154,0.0050509423,0.9949491
155,1.0383507e-08,1.0
156,5.985961e-08,0.9999999
157,1.0,2.410519e-09
158,6.7005144e-06,0.9999933
159,0.99952674,0.00047323274
160,8.176316e-08,0.9999999
161,0.00028079102,0.9997192
162,2.632698e-09,1.0
163,1.3946723e-05,0.99998605
164,1.2717584e-07,0.9999999
165,0.0031622718,0.99683774
166,1.7294997e-08,1.0
167,1.1182602e-06,0.9999989
168,6.8482805e-06,0.9999932
169,4.9673235e-07,0.9999995
170,0.99877506,0.0012249162
171,9.338999e-05,0.99990666
172,2.4244642e-07,0.99999976
173,4.0931897e-07,0.99999964
174,0.9999988,1.2217083e-06
175,1.2708118e-06,0.9999987
176,0.99999535,4.623049e-06
177,4.931197e-07,0.9999995
178,1.1468612e-07,0.9999999
179,6.623745e-08,0.9999999
180,0.99998736,1.2666419e-05
181,3.6006261e-07,0.99999964
182,3.190212e-08,1.0
183,0.99999976,2.6100855e-07
184,1.0,2.240282e-09
185,2.083282e-06,0.999998
186,1.742488e-06,0.9999982
187,0.99999976,1.9820236e-07
188,1.9007864e-05,0.99998105
189,2.8555396e-08,1.0
190,1.004703e-06,0.99999905
191,0.99999917,7.923282e-07
192,3.4702798e-09,1.0
193,1.0005579e-06,0.99999905
194,0.99999344,6.552299e-06
195,1.0024885e-07,0.9999999
196,1.0,1.6533965e-09
197,4.1336265e-05,0.99995863
198,1.277878e-08,1.0
199,6.4441563e-09,1.0
200,0.9999609,3.906976e-05
201,0.0034195662,0.9965804
202,1.2953941e-09,1.0
203,2.79073e-06,0.99999726
204,1.2017691e-05,0.99998796
205,3.6715303e-06,0.9999963
206,0.99999404,5.9268386e-06
207,1.8610898e-08,1.0
208,0.007875164,0.99212486
209,1.9629514e-09,1.0
210,0.00017274971,0.9998273
211,0.99997604,2.3920953e-05
212,3.0251917e-07,0.99999964
213,1.5402593e-07,0.9999999
214,3.9854648e-08,1.0
215,0.9999808,1.9215106e-05
216,2.8909032e-08,1.0
217,1.0,1.404283e-08
218,0.9999993,7.4785345e-07
219,3.4322278e-07,0.99999964
220,8.149005e-09,1.0
221,8.40579e-09,1.0
222,1.8444457e-07,0.99999976
223,8.8349076e-08,0.9999999
224,0.99983776,0.00016216745
225,5.827056e-07,0.9999994
226,1.0447216e-08,1.0
227,1.4696009e-07,0.9999999
228,1.4888369e-07,0.9999999
229,9.704886e-06,0.99999034
230,1.1035023e-09,1.0
231,5.6774246e-05,0.99994326
232,7.188229e-06,0.99999285
233,0.9999999,1.5405884e-07
234,0.99995494,4.511661e-05
235,1.4346858e-09,1.0
236,1.0,8.929436e-09
237,1.0,4.357833e-12
238,0.9997662,0.00023387792
239,1.2773387e-07,0.9999999
240,8.016841e-08,0.9999999
241,2.2639183e-06,0.99999774
242,0.9999726,2.7387776e-05
243,0.9999974,2.5801446e-06
244,1.686442e-08,1.0
245,1.8596244e-06,0.9999981
246,3.215601e-08,1.0
247,0.00048105992,0.999519
248,1.6979642e-05,0.9999831
249,2.9333336e-07,0.99999976
250,3.530861e-05,0.9999647
251,0.005478041,0.994522
252,2.1681211e-07,0.99999976
253,9.949493e-05,0.99990046
254,0.9997801,0.0002198674
255,1.0,2.5419455e-08
256,5.9038427e-09,1.0
257,2.2746152e-09,1.0
258,0.9999956,4.407119e-06
259,2.9988254e-07,0.99999964
260,6.876707e-05,0.9999312
261,8.1652803e-07,0.99999917
262,0.9999988,1.1362754e-06
263,0.99877363,0.0012263317
264,5.5103936e-07,0.9999994
265,7.833041e-09,1.0
266,0.99999964,3.198407e-07
267,3.1876148e-08,1.0
268,9.812343e-09,1.0
269,0.0014177623,0.99858224
270,1.0,2.1557611e-09
271,2.3708868e-07,0.99999976
272,1.5132275e-07,0.9999999
273,1.0459854e-05,0.9999895
274,1.8370397e-09,1.0
275,0.9999614,3.860337e-05
276,0.99999857,1.454333e-06
277,0.9999999,7.013665e-08
278,0.0004561943,0.9995437
279,0.99999833,1.6324576e-06
280,0.0016779004,0.99832207
281,0.9997613,0.00023867957
282,9.578461e-09,1.0
283,1.0,8.2179714e-11
284,7.4826154e-08,0.9999999
285,7.2721e-05,0.9999273
286,1.7083579e-10,1.0
287,0.003527568,0.9964725
288,8.533013e-10,1.0
289,0.000118317694,0.9998816
290,0.00019700256,0.999803
291,2.8908846e-07,0.99999976
292,3.397116e-05,0.999966
293,1.6064532e-09,1.0
294,5.1920564e-05,0.999948
295,1.0296287e-05,0.99998975
296,3.1277085e-07,0.99999964
297,7.854234e-06,0.99999213
298,2.5872707e-06,0.9999974
299,1.4008059e-07,0.9999999
300,0.99999976,1.946266e-07
301,1.0,1.670499e-08
302,3.9618942e-07,0.99999964
303,0.999913,8.6962296e-05
304,1.0,1.5006563e-08
305,1.5689674e-09,1.0
306,9.581936e-08,0.9999999
307,1.0210132e-05,0.99998975
308,5.786495e-09,1.0
309,1.0,1.6484567e-08
310,2.0590014e-06,0.999998
311,6.7230845e-05,0.99993277
312,8.410693e-10,1.0
313,7.1520562e-06,0.99999285
314,1.0,1.6531576e-08
315,0.99999607,3.9885936e-06
316,1.2269181e-05,0.9999877
317,0.999995,4.970379e-06
318,1.9820721e-08,1.0
319,1.0,3.4474665e-09
320,2.5713585e-09,1.0
321,2.1364006e-06,0.99999785
322,3.9531304e-05,0.9999604
323,5.146196e-07,0.9999995
324,7.71827e-08,0.9999999
325,1.5846796e-08,1.0
326,1.0,2.949832e-09
327,2.4768094e-06,0.9999975
328,0.00013299323,0.99986696
329,0.9999999,1.7368659e-07
330,8.8749774e-10,1.0
331,1.562557e-07,0.9999999
332,1.0446384e-07,0.9999999
333,1.0,2.6778726e-09
334,1.4811187e-07,0.9999999
335,2.5924702e-09,1.0
336,6.3779285e-06,0.99999356
337,5.475326e-09,1.0
338,5.994027e-08,0.9999999
339,2.0965063e-08,1.0
340,0.0108649945,0.989135
341,4.64398e-08,1.0
342,1.0386764e-05,0.9999896
343,0.00035680138,0.9996432
344,0.0058565894,0.9941434
345,3.2270997e-10,1.0
346,0.9999988,1.2467434e-06
347,8.978069e-10,1.0
348,5.1602416e-07,0.9999995
349,1.0,4.174483e-09
350,0.9999447,5.532988e-05
351,3.0634357e-08,1.0
352,1.0,5.808943e-09
353,2.9133798e-05,0.9999709
354,4.7783742e-11,1.0
355,6.7306144e-10,1.0
356,1.8674351e-06,0.9999981
357,4.079021e-07,0.99999964
358,0.9999999,1.6497266e-07
359,0.99995637,4.3660362e-05
360,9.28047e-07,0.99999905
361,2.7647134e-08,1.0
362,0.9999993,6.623441e-07
363,5.7095573e-08,1.0
364,0.9995084,0.0004915993
365,4.9498667e-09,1.0
366,0.00064273603,0.9993573
367,1.0,1.8404943e-09
368,0.99999976,2.955748e-07
369,0.9999932,6.739388e-06
370,4.4793762e-07,0.9999995
371,1.4600512e-07,0.9999999
372,7.4296125e-08,0.9999999
373,8.377582e-05,0.9999162
374,5.808519e-07,0.9999994
375,1.0,5.123833e-09
376,4.4916362e-07,0.9999995
377,2.2683457e-07,0.99999976
378,0.0015733211,0.9984267
379,1.0,2.9765537e-09
380,0.00032609055,0.99967396
381,9.345486e-08,0.9999999
382,0.9999871,1.2903372e-05
383,4.2052847e-08,1.0
384,0.9999951,4.8377237e-06
385,6.6951415e-08,0.9999999
386,3.1125328e-05,0.9999689
387,1.9233035e-05,0.9999808
388,1.0,8.8718466e-10
389,0.99934787,0.0006520725
390,0.0032322928,0.99676776
391,0.9999993,6.8312085e-07
392,3.6208744e-06,0.9999964
393,2.0053403e-06,0.999998
394,5.048705e-07,0.9999995
395,3.0794702e-08,1.0
396,1.0,3.2890982e-10
397,1.7403574e-05,0.9999826
398,4.5188085e-06,0.99999547
399,6.750142e-05,0.9999325
400,2.9080609e-06,0.99999714
401,8.020426e-07,0.99999917
402,1.3310726e-07,0.9999999
403,1.237901e-07,0.9999999
404,4.067961e-07,0.99999964
405,6.4238854e-08,0.9999999
406,1.6144578e-06,0.99999833
407,1.3438154e-08,1.0
408,1.500484e-09,1.0
409,5.933015e-07,0.9999994
410,8.08576e-07,0.99999917
411,2.8512565e-08,1.0
412,0.9998584,0.0001415542
413,3.9297655e-07,0.99999964
414,1.9121836e-07,0.99999976
415,1.0,1.4824315e-09
416,5.133446e-10,1.0
417,0.00022254766,0.9997775
418,2.155993e-07,0.99999976
419,2.9727127e-05,0.9999703
420,9.945331e-07,0.99999905
421,0.999816,0.00018404481
422,0.00032191558,0.99967813
423,2.182701e-08,1.0
424,5.8758167e-07,0.9999994
425,0.9999999,1.196282e-07
426,0.99998057,1.9471589e-05
427,2.224771e-07,0.99999976
428,1.0,1.7492483e-09
429,6.34199e-05,0.9999366
430,1.7035894e-08,1.0
431,5.3635507e-08,1.0
432,3.596086e-07,0.99999964
433,1.552308e-08,1.0
434,0.9998379,0.00016215169
435,0.9999974,2.5969907e-06
436,2.0043901e-06,0.999998
437,1.3694915e-08,1.0
438,1.1093759e-05,0.9999889
439,0.99999976,2.4982162e-07
440,8.5386927e-07,0.99999917
441,1.0,1.6926315e-09
442,0.00017302399,0.99982697
443,0.9997081,0.0002918655
444,1.658888e-07,0.9999999
445,2.7111516e-06,0.99999726
446,1.0,2.3202789e-09
447,0.00011012327,0.99988985
448,3.0778065e-05,0.99996924
449,1.0108692e-05,0.99998987
450,0.9999999,1.5254697e-07
451,1.0,5.802078e-09
452,1.3851701e-07,0.9999999
453,0.9999865,1.3524081e-05
454,0.9999995,4.5987224e-07
455,6.013885e-07,0.9999994
456,1.17469774e-07,0.9999999
457,1.1789749e-07,0.9999999
458,0.000159187,0.99984074
459,1.1866642e-08,1.0
460,1.3761794e-05,0.9999863
461,3.0406166e-08,1.0
462,1.073259e-07,0.9999999
463,0.0018313827,0.9981686
464,1.0724319e-08,1.0
465,1.5531097e-06,0.99999845
466,7.866362e-07,0.99999917
467,1.677236e-07,0.9999999
468,0.99923885,0.00076115644
469,3.0849375e-08,1.0
470,4.8659654e-09,1.0
471,8.9627605e-07,0.99999905
472,0.99999976,2.7579463e-07
473,2.4178552e-08,1.0
474,0.9999987,1.299018e-06
475,0.0014583353,0.9985417
476,0.99999976,2.636034e-07
477,0.9975248,0.0024751837
478,1.12213655e-07,0.9999999
479,0.99985826,0.00014171506
480,0.9999975,2.5075303e-06
481,3.737894e-06,0.9999963
482,1.1443549e-09,1.0
483,1.0,1.8936734e-09
484,7.494387e-06,0.9999925
485,1.5942861e-09,1.0
486,3.3773579e-06,0.99999666
487,3.92912e-08,1.0
488,7.7617966e-07,0.99999917
489,0.00092506135,0.99907494
490,3.614515e-08,1.0
491,1.0405931e-08,1.0
492,0.9999691,3.0815358e-05
493,1.0,5.913493e-08
494,2.8884315e-06,0.99999714
495,0.99999774,2.2815743e-06
496,4.2237977e-07,0.9999995
497,5.800653e-06,0.99999416
498,6.050938e-06,0.9999939
499,6.2362625e-07,0.9999994
500,1.2516608e-09,1.0
501,5.6384984e-08,1.0
502,0.0019451809,0.99805486
503,7.3723886e-06,0.9999926
504,0.012182846,0.9878171
505,1.2555469e-08,1.0
506,3.9060185e-05,0.9999609
507,8.234285e-08,0.9999999
508,1.054704e-05,0.9999895
509,2.2796692e-06,0.99999774
510,0.99999964,3.5664584e-07
511,8.086128e-09,1.0
512,1.0,2.646575e-08
513,0.9999994,5.9915124e-07
514,0.08656778,0.91343224
515,0.00017420796,0.9998258
516,3.425339e-09,1.0
517,0.99999905,9.4607856e-07
518,1.6103682e-05,0.9999839
519,2.5342806e-06,0.9999975
520,1.6439957e-07,0.9999999
521,1.0,3.5773407e-12
522,0.99999976,1.9596497e-07
523,2.5275336e-08,1.0
524,0.9999999,1.0953397e-07
525,4.5445995e-05,0.9999546
526,3.9132756e-06,0.99999607
527,0.9999975,2.557431e-06
528,6.270049e-09,1.0
529,1.5875618e-07,0.9999999
530,0.00033017225,0.9996698
531,0.00048899965,0.999511
532,2.4194899e-06,0.9999976
533,1.4821559e-06,0.99999857
534,0.9742672,0.02573282
535,4.3485735e-09,1.0
536,0.0003940956,0.99960595
537,2.59922e-08,1.0
538,1.923285e-07,0.99999976
539,4.672786e-08,1.0
540,0.99989796,0.00010198719
541,3.6164674e-06,0.9999964
542,8.944047e-08,0.9999999
543,0.99999964,3.4885323e-07
544,0.99995625,4.374217e-05
545,0.00094879797,0.99905115
546,7.40446e-08,0.9999999
547,1.1403961e-05,0.99998856
548,3.3163262e-06,0.99999666
549,0.99999917,8.8851294e-07
550,0.99999523,4.71307e-06
551,2.0543018e-06,0.999998
552,1.0,2.3858517e-08
553,1.3141295e-07,0.9999999
554,0.004045195,0.9959549
555,0.9999999,8.001245e-08
556,2.4385157e-05,0.99997556
557,4.7705136e-08,1.0
558,0.000162372,0.99983764
559,0.9999958,4.2107854e-06
560,3.5994756e-08,1.0
561,0.9958774,0.0041226153
562,1.3397762e-07,0.9999999
563,7.082958e-06,0.99999297
564,0.99999976,1.9251164e-07
565,0.99999774,2.2936913e-06
566,0.999956,4.4014574e-05
567,7.5867916e-08,0.9999999
568,8.262192e-07,0.99999917
569,4.7613664e-09,1.0
570,1.2433072e-06,0.9999988
571,0.9999771,2.2929715e-05
572,2.55081e-07,0.99999976
573,9.746368e-05,0.9999025
574,1.238194e-05,0.9999876
575,0.0005786841,0.99942136
576,7.825947e-09,1.0
577,9.885041e-07,0.99999905
578,6.76559e-07,0.9999993
579,5.3745845e-07,0.9999994
580,0.0029882633,0.99701166
581,0.9992144,0.00078553753
582,0.9999858,1.4175538e-05
583,4.1159063e-09,1.0
584,3.929177e-07,0.99999964
585,0.0020982947,0.9979017
586,0.00013519733,0.9998648
587,0.00031707407,0.9996829
588,8.7044195e-05,0.999913
589,1.0,8.412911e-09
590,4.409267e-05,0.9999559
591,2.5986981e-09,1.0
592,2.0339558e-06,0.999998
593,0.9999249,7.508013e-05
594,0.9999757,2.4341874e-05
595,1.0,3.5268926e-09
596,4.9908046e-08,1.0
597,0.99992514,7.487007e-05
598,3.8806724e-07,0.99999964
599,0.00603919,0.99396086
600,0.99999964,4.06122e-07
601,1.7557714e-07,0.9999999
602,0.00014494956,0.99985504
603,0.9999989,1.0938674e-06
604,0.999987,1.2955578e-05
605,2.8394743e-06,0.99999714
606,0.99817955,0.0018205021
607,5.5900324e-07,0.9999994
608,0.9996511,0.00034888118
609,0.9999994,5.6829435e-07
610,1.8626736e-08,1.0
611,3.5562252e-06,0.9999964
612,0.00025913527,0.9997409
613,7.9089295e-09,1.0
614,1.7190358e-07,0.9999999
615,6.686795e-07,0.9999993
616,0.00019265634,0.9998074
617,1.0,5.2749782e-09
618,2.6404035e-08,1.0
619,2.774889e-06,0.99999726
620,0.99930716,0.00069288496
621,0.999329,0.0006709986
622,2.2825424e-09,1.0
623,2.6674755e-07,0.99999976
624,2.04673e-08,1.0
625,5.01908e-08,1.0
626,1.0,9.526461e-09
627,1.2372153e-09,1.0
628,1.0483446e-08,1.0
629,3.6240483e-08,1.0
630,1.0,2.4704388e-08
631,5.502399e-09,1.0
632,1.393681e-07,0.9999999
633,2.988829e-06,0.999997
634,5.519259e-09,1.0
635,0.0028338835,0.9971661
636,1.8706636e-07,0.99999976
637,4.547202e-06,0.99999547
638,0.9998418,0.0001581416
639,0.0033548623,0.99664515
640,0.99998736,1.2676715e-05
641,1.45704935e-05,0.99998546
642,2.2639511e-05,0.99997735
643,5.1460725e-10,1.0
644,6.1273577e-06,0.9999939
645,1.3927243e-07,0.9999999
646,2.6211012e-06,0.9999974
647,0.000892417,0.99910754
648,3.923352e-05,0.9999608
649,1.5713852e-08,1.0
650,0.9999999,6.176165e-08
651,3.275217e-07,0.99999964
652,0.00080592005,0.9991941
653,1.0457408e-07,0.9999999
654,1.0,1.317698e-08
655,2.6368061e-06,0.9999974
656,5.0592845e-08,1.0
657,3.2462397e-06,0.9999968
658,5.10239e-07,0.9999995
659,5.83473e-06,0.99999416
660,1.1688283e-08,1.0
661,4.2617916e-07,0.9999995
662,0.00025586807,0.9997441
663,1.0,1.8987947e-09
664,6.844701e-07,0.9999993
665,0.9999988,1.1829555e-06
666,9.477853e-09,1.0
667,0.0025117383,0.99748826
668,3.5041404e-07,0.99999964
669,1.0,9.1549754e-09
670,0.9997396,0.00026036013
671,6.3823955e-09,1.0
672,0.0061140447,0.99388593
673,3.4594246e-05,0.9999654
674,1.2554679e-08,1.0
675,0.9977869,0.0022130653
676,7.2035844e-05,0.999928
677,0.99998033,1.9686158e-05
678,0.9999813,1.8672266e-05
679,0.9999999,6.363423e-08
680,5.0202533e-07,0.9999995
681,4.9276146e-06,0.9999951
682,2.546802e-09,1.0
683,0.9999999,1.7224228e-07
684,7.186606e-07,0.9999993
685,0.9999999,1.3223867e-07
686,1.0,3.1567846e-10
687,0.99973863,0.0002613864
688,3.0364778e-05,0.9999696
689,0.9999938,6.206417e-06
690,1.1017153e-05,0.99998903
691,4.3938453e-09,1.0
692,0.00013819821,0.99986184
693,0.9999629,3.7053604e-05
694,2.4358615e-08,1.0
695,7.807757e-09,1.0
696,0.0010766643,0.99892336
697,8.093999e-07,0.99999917
698,6.452473e-07,0.9999994
699,2.844266e-06,0.99999714
700,0.99965763,0.00034236032
701,3.6910396e-06,0.9999963
702,0.9997037,0.00029623712
703,1.0,1.3001003e-08
704,1.2633004e-07,0.9999999
705,8.284175e-08,0.9999999
706,3.1816808e-07,0.99999964
707,1.06958055e-07,0.9999999
708,0.0003105359,0.99968946
709,1.4086966e-07,0.9999999
710,2.3997888e-09,1.0
711,5.731707e-08,1.0
712,3.463213e-08,1.0
713,7.369377e-08,0.9999999
714,5.4915836e-06,0.9999945
715,0.9999893,1.0759009e-05
716,1.0,9.598267e-09
717,1.1035937e-07,0.9999999
718,0.00021081409,0.9997892
719,1.7656768e-07,0.9999999
720,6.295012e-08,0.9999999
721,2.0013874e-06,0.999998
722,1.5214766e-08,1.0
723,0.99999607,3.8820926e-06
724,3.5525272e-06,0.9999964
725,0.9999629,3.704205e-05
726,4.484499e-09,1.0
727,0.9999994,5.472879e-07
728,0.9999964,3.547327e-06
729,2.9704483e-05,0.9999703
730,5.5094846e-05,0.9999449
731,6.345479e-07,0.9999994
732,0.0017748126,0.99822515
733,1.537506e-05,0.9999846
734,1.35273375e-08,1.0
735,3.7890957e-06,0.9999962
736,1.2468863e-08,1.0
737,3.7157455e-09,1.0
738,6.9939475e-08,0.9999999
739,0.0001089662,0.99989104
740,4.259863e-09,1.0
741,0.9999927,7.2318353e-06
742,8.343577e-08,0.9999999
743,2.1741146e-10,1.0
744,2.1514066e-07,0.99999976
745,1.1508723e-07,0.9999999
746,3.9414734e-09,1.0
747,1.0465784e-06,0.9999989
748,1.6728941e-07,0.9999999
749,0.0017545577,0.9982455
750,0.00037959171,0.99962044
751,1.0,3.796659e-08
752,1.65386e-06,0.99999833
753,8.605654e-07,0.99999917
754,4.552444e-09,1.0
755,5.8910835e-05,0.9999411
756,1.623138e-08,1.0
757,7.762124e-06,0.99999225
758,1.0,2.871214e-08
759,7.843733e-08,0.9999999
760,9.85904e-08,0.9999999
761,1.0,3.4801628e-09
762,1.0,4.681615e-09
763,1.0789545e-05,0.99998915
764,1.0,7.092923e-10
765,1.2268631e-05,0.9999877
766,7.763002e-09,1.0
767,1.5353932e-06,0.99999845
768,2.9177478e-05,0.9999708
769,0.9994079,0.00059206743
770,1.9309012e-09,1.0
771,0.0019301681,0.9980698
772,2.5510998e-09,1.0
773,0.9996395,0.0003604809
774,5.538491e-10,1.0
775,1.1892041e-08,1.0
776,0.99998736,1.2624993e-05
777,0.004459573,0.99554044
778,1.5891683e-08,1.0
779,2.9111993e-08,1.0
780,1.3372704e-07,0.9999999
781,4.5257442e-09,1.0
782,5.4623467e-10,1.0
783,1.0,1.4924406e-09
784,0.99994695,5.305706e-05
785,7.008353e-09,1.0
786,0.99999857,1.4747607e-06
787,4.609292e-06,0.99999535
788,0.00010607557,0.9998939
789,5.4550195e-09,1.0
790,4.3809916e-09,1.0
791,0.011662267,0.9883377
792,1.1829602e-08,1.0
793,9.183183e-05,0.9999082
794,0.00744929,0.99255073
795,0.99999976,2.3063423e-07
796,1.470651e-07,0.9999999
797,3.3006273e-08,1.0
798,0.99999964,3.133889e-07
799,0.999881,0.000118917844
800,1.0,1.68279e-10
801,4.277615e-07,0.9999995
802,2.0176317e-07,0.99999976
803,7.947075e-06,0.999992
804,1.8422604e-06,0.9999982
805,2.4386786e-08,1.0
806,3.4554978e-06,0.99999654
807,2.0981189e-07,0.99999976
808,1.0,4.1420503e-10
809,2.3132806e-08,1.0
810,2.604083e-08,1.0
811,0.0350714,0.9649286
812,1.2323218e-06,0.9999988
813,3.6526537e-06,0.9999963
814,1.5363628e-06,0.99999845
815,4.346436e-08,1.0
816,2.0932378e-08,1.0
817,1.0,2.6664015e-08
818,7.7242845e-07,0.9999993
819,4.1833726e-08,1.0
820,0.99999964,3.0978123e-07
821,1.2866357e-06,0.9999987
822,0.9999999,1.2124606e-07
823,1.8694651e-07,0.99999976
824,2.701298e-05,0.99997294
825,1.813504e-05,0.9999819
826,1.4024896e-08,1.0
827,4.6638863e-07,0.9999995
828,1.615953e-08,1.0
829,6.1444143e-06,0.9999938
830,5.74478e-07,0.9999994
831,1.4307875e-07,0.9999999
832,3.0683346e-05,0.99996936
833,4.902289e-06,0.9999951
834,3.7286938e-07,0.99999964
835,4.6288937e-07,0.9999995
836,3.5577891e-06,0.9999964
837,3.0566133e-07,0.99999964
838,0.99998593,1.4044596e-05
839,1.6075482e-08,1.0
840,9.203827e-08,0.9999999
841,5.8673402e-05,0.99994135
842,1.0,1.7505734e-09
843,0.01857197,0.981428
844,1.0,1.412402e-10
845,6.673518e-08,0.9999999
846,4.5130747e-08,1.0
847,1.2398459e-05,0.9999876
848,2.1945822e-07,0.99999976
849,0.9988035,0.0011964638
850,0.99999905,9.1906236e-07
851,4.5568598e-07,0.9999995
852,1.7401685e-07,0.9999999
853,2.0493559e-07,0.99999976
854,0.00014492191,0.99985504
855,0.0006897565,0.99931026
856,1.8700035e-07,0.99999976
857,3.2227234e-08,1.0
858,0.9999895,1.0512406e-05
859,1.0,4.5104674e-08
860,0.05115402,0.948846
861,2.8169259e-08,1.0
862,1.7813623e-07,0.9999999
863,4.3579644e-06,0.9999956
864,9.110154e-05,0.9999089
865,7.19106e-09,1.0
866,4.504416e-06,0.99999547
867,3.6893503e-06,0.9999963
868,2.7969994e-05,0.999972
869,3.970935e-07,0.99999964
870,7.950846e-05,0.9999205
871,1.8237639e-06,0.9999982
872,9.209815e-08,0.9999999
873,1.0,2.2270045e-11
874,0.99993527,6.472403e-05
875,2.1644844e-08,1.0
876,0.9998597,0.00014026112
877,3.481204e-05,0.9999652
878,0.99994123,5.8794998e-05
879,2.371641e-05,0.9999763
880,2.8698723e-12,1.0
881,0.0001348497,0.9998652
882,0.00015861579,0.99984133
883,4.3593363e-06,0.9999956
884,0.009714824,0.9902852
885,1.3757901e-06,0.99999857
886,0.99999917,8.92793e-07
887,1.2523295e-05,0.9999875
888,1.0,4.5246913e-09
889,1.1439976e-08,1.0
890,1.4699622e-05,0.99998534
891,1.0,3.757216e-09
892,0.9999994,6.144663e-07
893,0.99994016,5.9815724e-05
894,0.23344225,0.76655775
895,1.6066004e-07,0.9999999
896,0.99999976,2.4269443e-07
897,0.99931955,0.0006804477
898,1.0750964e-06,0.9999989
899,4.65952e-10,1.0
900,0.9999999,1.0848917e-07
901,1.9788327e-05,0.9999802
902,4.2426997e-05,0.99995756
903,2.4475798e-07,0.99999976
904,3.736612e-09,1.0
905,2.3044734e-07,0.99999976
906,0.9999938,6.1621777e-06
907,2.438731e-06,0.9999976
908,0.0006843673,0.9993156
909,3.2319173e-07,0.99999964
910,1.1491538e-07,0.9999999
911,2.7259814e-06,0.99999726
912,1.2161298e-05,0.99998784
913,1.0,9.864961e-09
914,1.0,5.831545e-09
915,1.0,5.793938e-13
916,2.3539798e-08,1.0
917,2.5599144e-07,0.99999976
918,3.5783754e-07,0.99999964
919,1.0,3.261508e-08
920,3.9933457e-09,1.0
921,1.3465989e-06,0.9999987
922,0.0019256145,0.9980744
923,8.909161e-08,0.9999999
924,2.0354487e-07,0.99999976
925,3.3560573e-05,0.9999664
926,5.48032e-09,1.0
927,5.542646e-06,0.9999945
928,0.99993956,6.041634e-05
929,0.9999976,2.3304872e-06
930,3.6444698e-07,0.99999964
931,1.0,1.42484735e-08
932,1.2891098e-05,0.9999871
933,7.4030766e-05,0.999926
934,0.00060583465,0.9993942
935,2.5326852e-05,0.9999747
936,0.9995753,0.00042473845
937,3.4321697e-06,0.99999654
938,0.13979955,0.86020046
939,2.5739507e-08,1.0
940,2.794331e-05,0.9999721
941,1.0,3.243604e-08
942,1.574997e-07,0.9999999
943,1.6608977e-08,1.0
944,0.9999999,9.833555e-08
945,1.834076e-05,0.99998164
946,8.939136e-08,0.9999999
947,0.9999989,1.1242612e-06
948,1.2043653e-06,0.9999988
949,7.083172e-05,0.9999292
950,2.9942761e-05,0.9999701
951,2.6412685e-09,1.0
952,8.358882e-09,1.0
953,0.00015088849,0.9998491
954,2.2472702e-07,0.99999976
955,0.9999925,7.5574244e-06
956,1.7176289e-08,1.0
957,0.9999989,1.1228404e-06
958,4.5999462e-07,0.9999995
959,4.7748195e-08,1.0
960,0.00037010154,0.99962986
961,9.700578e-09,1.0
962,2.3945242e-06,0.9999976
963,1.4921801e-06,0.99999845
964,1.0,1.5916436e-08
965,3.002299e-08,1.0
966,0.9999951,4.839888e-06
967,2.9634816e-07,0.99999976
968,2.0119768e-07,0.99999976
969,3.5146648e-05,0.99996483
970,9.5771306e-08,0.9999999
971,1.0,2.0331317e-08
972,1.6070635e-05,0.9999839
973,3.5430805e-06,0.9999964
974,1.0,2.168838e-10
975,5.648703e-07,0.9999994
976,1.0440359e-09,1.0
977,7.3578457e-07,0.9999993
978,4.221674e-06,0.9999958
979,2.469349e-07,0.99999976
980,4.4320905e-07,0.9999995
981,0.9999975,2.4574783e-06
982,0.9999975,2.496916e-06
983,5.591355e-08,1.0
984,0.99999845,1.4906526e-06
985,1.2508279e-05,0.9999875
986,3.1164827e-06,0.9999969
987,0.13498415,0.86501586
988,7.0701947e-09,1.0
989,0.9999999,9.7256105e-08
990,9.372488e-06,0.9999906
991,4.6579252e-08,1.0
992,8.602207e-09,1.0
993,6.1295715e-09,1.0
994,1.4552833e-06,0.99999857
995,1.0,4.19366e-09
996,0.9999999,8.536049e-08
997,0.999108,0.0008919583
998,5.8776385e-07,0.9999994
999,9.256568e-05,0.9999074
1000,3.934561e-06,0.99999607
1001,0.9997496,0.00025042493
1002,3.3977685e-06,0.99999654
1003,3.3220766e-07,0.99999964
1004,0.99984384,0.00015611715
1005,0.11225699,0.88774306
1006,0.99999905,9.951403e-07
1007,3.0986072e-07,0.99999964
1008,3.8732737e-06,0.9999962
1009,4.6106757e-07,0.9999995
1010,5.8873577e-09,1.0
1011,7.143871e-08,0.9999999
1012,2.0028335e-07,0.99999976
1013,1.3065928e-09,1.0
1014,0.0243356,0.9756644
1015,0.99999917,7.7811256e-07
1016,3.889938e-05,0.99996114
1017,1.4777622e-06,0.99999857
1018,3.2190718e-07,0.99999964
1019,2.7824446e-05,0.9999722
1020,0.005696209,0.99430376
1021,0.9999999,1.4105989e-07
1022,6.2947055e-07,0.9999994
1023,0.9999933,6.6894495e-06
1024,3.4641386e-07,0.99999964
1025,1.6084803e-05,0.9999839
1026,0.9999994,6.369015e-07
1027,5.122282e-07,0.9999995
1028,1.0,5.714762e-09
1029,1.1794231e-08,1.0
1030,0.9999999,9.137795e-08
1031,1.4082386e-09,1.0
1032,1.608598e-07,0.9999999
1033,1.0,5.0031566e-08
1034,2.1562246e-06,0.99999785
1035,0.9999999,1.1555552e-07
1036,9.640672e-08,0.9999999
1037,0.99832946,0.0016705132
1038,1.0,5.746632e-10
1039,7.611716e-06,0.9999924
1040,4.945679e-08,1.0
1041,3.9905384e-08,1.0
1042,2.2492331e-06,0.99999774
1043,3.3994607e-09,1.0
1044,0.9999995,4.2349058e-07
1045,4.810617e-08,1.0
1046,0.9999999,1.2462543e-07
1047,1.822391e-05,0.99998176
1048,5.092264e-07,0.9999995
1049,2.2473863e-09,1.0
1050,9.6589765e-06,0.99999034
1051,1.1474104e-07,0.9999999
1052,0.9999999,1.1355567e-07
1053,2.1501853e-06,0.99999785
1054,0.9999995,4.857766e-07
1055,0.9999951,4.944217e-06
1056,7.067528e-08,0.9999999
1057,1.8770392e-05,0.9999813
1058,4.6759062e-08,1.0
1059,0.99999523,4.775662e-06
1060,2.0927109e-08,1.0
1061,8.050763e-05,0.99991953
1062,1.0100406e-06,0.99999905
1063,0.9999863,1.3761952e-05
1064,2.9982937e-07,0.99999964
1065,0.0002848382,0.99971515
1066,1.2829732e-06,0.9999987
1067,1.808844e-05,0.9999819
1068,1.0,8.6744667e-10
1069,0.99999964,3.6513754e-07
1070,3.9465284e-09,1.0
1071,1.112313e-07,0.9999999
1072,1.35724365e-08,1.0
1073,4.7263254e-07,0.9999995
1074,0.9999999,1.635155e-07
1075,6.360754e-08,0.9999999
1076,1.0,4.4165674e-08
1077,0.9999999,1.03091736e-07
1078,0.81599,0.18401001
1079,1.0,8.994871e-09
1080,4.2156553e-06,0.9999958
1081,3.4904426e-07,0.99999964
1082,2.1632303e-07,0.99999976
1083,0.9999999,1.389213e-07
1084,7.30113e-08,0.9999999
1085,0.0027709485,0.99722904
1086,4.5973934e-08,1.0
1087,1.8252867e-07,0.99999976
1088,3.4060953e-08,1.0
1089,6.2398914e-07,0.9999994
1090,0.99970055,0.00029942527
1091,2.8644585e-08,1.0
1092,5.689229e-08,1.0
1093,1.2888925e-07,0.9999999
1094,2.756759e-05,0.99997246
1095,2.9640233e-08,1.0
1096,6.5020384e-07,0.9999994
1097,1.0,1.18737e-09
1098,0.99999976,2.785415e-07
1099,5.7640374e-08,1.0
1100,1.396041e-06,0.99999857
1101,2.005587e-06,0.999998
1102,6.004807e-07,0.9999994
1103,6.81222e-08,0.9999999
1104,0.9999999,1.0485189e-07
1105,0.9999999,1.0104494e-07
1106,1.1170361e-09,1.0
1107,0.99999857,1.465608e-06
1108,6.159152e-06,0.9999938
1109,3.1860773e-07,0.99999964
1110,0.99976605,0.0002339399
1111,0.99999976,1.8590183e-07
1112,0.999907,9.297803e-05
1113,0.00017021013,0.99982977
1114,1.0,3.3648966e-09
1115,1.735076e-05,0.9999826
1116,0.9999995,4.3784044e-07
1117,1.0,3.6051645e-08
1118,3.324132e-05,0.99996674
1119,9.4418425e-08,0.9999999
1120,0.0042743324,0.99572563
1121,7.80514e-08,0.9999999
1122,1.607845e-07,0.9999999
1123,1.5743768e-07,0.9999999
1124,5.2107815e-08,1.0
1125,4.834588e-07,0.9999995
1126,0.00012199008,0.99987805
1127,1.3049523e-05,0.999987
1128,1.4500043e-08,1.0
1129,7.319542e-07,0.9999993
1130,0.00046586918,0.99953413
1131,9.578695e-05,0.99990416
1132,1.1285603e-06,0.9999989
1133,4.545897e-06,0.99999547
1134,7.062124e-08,0.9999999
1135,6.0108494e-05,0.9999399
1136,2.9957324e-08,1.0
1137,0.0003621339,0.99963784
1138,7.25662e-08,0.9999999
1139,4.0502622e-05,0.99995947
1140,1.1862023e-06,0.9999988
1141,1.0,5.4390176e-10
1142,7.6207856e-05,0.9999238
1143,2.5346068e-07,0.99999976
1144,9.3319454e-07,0.99999905
1145,0.001240403,0.9987596
1146,1.0506172e-05,0.9999895
1147,2.2476563e-09,1.0
1148,0.99999833,1.6446666e-06
1149,0.99998295,1.7055707e-05
1150,0.0020459916,0.997954
1151,1.4320811e-08,1.0
1152,0.99999976,2.4013016e-07
1153,5.6456226e-08,1.0
1154,4.371827e-05,0.99995625
1155,5.3728627e-07,0.9999994
1156,0.99999905,9.727204e-07
1157,0.99987686,0.00012313011
1158,9.9519335e-09,1.0
1159,6.7892283e-06,0.9999932
1160,4.14052e-09,1.0
1161,1.3902404e-06,0.99999857
1162,8.06458e-09,1.0
1163,0.99985087,0.00014905179
1164,3.5955026e-08,1.0
1165,3.0755788e-07,0.99999964
1166,7.225004e-09,1.0
1167,1.9691038e-06,0.999998
1168,3.05922e-08,1.0
1169,1.0,1.095051e-08
1170,2.8169729e-09,1.0
1171,5.492238e-06,0.9999945
1172,0.016044166,0.9839558
1173,9.913777e-09,1.0
1174,0.9999553,4.472106e-05
1175,8.096453e-09,1.0
1176,3.496152e-08,1.0
1177,7.94449e-07,0.99999917
1178,7.0009133e-07,0.9999993
1179,1.5905389e-05,0.99998415
1180,0.00043601298,0.999564
1181,3.4130976e-06,0.99999654
1182,1.0,3.795245e-09
1183,0.9999999,6.595782e-08
1184,0.99990416,9.579773e-05
1185,0.99991465,8.5392334e-05
1186,4.06933e-05,0.99995935
1187,8.745476e-07,0.99999917
1188,1.4472198e-07,0.9999999
1189,4.0511702e-07,0.99999964
1190,7.1410757e-09,1.0
1191,4.0745717e-06,0.99999595
1192,5.1009956e-09,1.0
1193,3.5301717e-08,1.0
1194,1.0,3.3413893e-11
1195,1.0323317e-08,1.0
1196,1.0,4.019689e-08
1197,1.2867121e-08,1.0
1198,3.8648107e-09,1.0
1199,1.5722755e-08,1.0
1200,7.461478e-09,1.0
1201,0.9999418,5.8116868e-05
1202,5.468771e-09,1.0
1203,0.99968433,0.00031573116
1204,2.1640965e-08,1.0
1205,0.99989414,0.00010589931
1206,1.0,9.036355e-11
1207,3.995897e-07,0.99999964
1208,0.9999968,3.1941624e-06
1209,1.0,1.7333959e-09
1210,3.0670103e-06,0.9999969
1211,1.6243097e-05,0.9999838
1212,7.796302e-08,0.9999999
1213,0.9999703,2.9650482e-05
1214,1.1767337e-05,0.9999882
1215,9.617235e-07,0.99999905
1216,9.682836e-08,0.9999999
1217,1.235273e-08,1.0
1218,1.0,1.0206492e-08
1219,2.8066664e-08,1.0
1220,8.144127e-07,0.99999917
1221,0.9999964,3.6000397e-06
1222,2.427557e-05,0.9999757
1223,0.00033899155,0.99966097
1224,0.00014538753,0.99985456
1225,4.5074447e-07,0.9999995
1226,0.9999999,1.6592045e-07
1227,0.99999917,7.810768e-07
1228,0.99927026,0.00072969863
1229,1.6476353e-06,0.99999833
1230,2.3209158e-07,0.99999976
1231,0.9999746,2.5385612e-05
1232,2.8852495e-05,0.99997115
1233,0.9999764,2.3582825e-05
1234,3.1851872e-07,0.99999964
1235,1.6954238e-05,0.9999831
1236,1.5392057e-08,1.0
1237,8.38077e-05,0.9999162
1238,2.921813e-08,1.0
1239,7.978741e-06,0.999992
1240,0.9999999,1.7303385e-07
1241,6.01728e-08,0.9999999
1242,1.0,1.597669e-08
1243,0.00027382057,0.9997261
1244,1.503317e-07,0.9999999
1245,1.8970484e-05,0.99998105
1246,0.00012817589,0.99987185
1247,2.954226e-07,0.99999976
1248,1.6368556e-05,0.99998367
1249,7.2687035e-06,0.9999927
1250,4.579451e-05,0.9999542
1251,2.9296702e-08,1.0
1252,1.5416965e-07,0.9999999
1253,8.478296e-09,1.0
1254,1.0,3.1839324e-08
1255,0.9999969,3.0956555e-06
1256,0.00031232656,0.9996877
1257,3.5895462e-09,1.0
1258,3.1771181e-09,1.0
1259,6.817874e-08,0.9999999
1260,7.890655e-08,0.9999999
1261,4.9353677e-09,1.0
1262,0.0003570877,0.99964285
1263,1.8503584e-07,0.99999976
1264,4.566489e-09,1.0
1265,0.99999833,1.6940653e-06
1266,7.66605e-09,1.0
1267,1.1974018e-07,0.9999999
1268,2.9500416e-08,1.0
1269,1.0368427e-08,1.0
1270,2.7943493e-06,0.99999726
1271,0.00011645613,0.99988353
1272,8.330123e-07,0.99999917
1273,0.9999999,6.9292696e-08
1274,0.99999976,2.3369027e-07
1275,4.041645e-06,0.99999595
1276,9.303091e-06,0.9999907
1277,4.3333122e-07,0.9999995
1278,1.317376e-06,0.9999987
1279,1.6794866e-07,0.9999999
1280,0.0012604077,0.99873966
1281,8.35431e-08,0.9999999
1282,0.9988695,0.0011304439
1283,6.3037106e-08,0.9999999
1284,1.166946e-08,1.0
1285,0.0011920087,0.998808
1286,5.168591e-05,0.99994826
1287,0.99999964,2.9978617e-07
1288,2.2410568e-05,0.9999776
1289,3.8017825e-07,0.99999964
1290,1.0,9.850654e-09
1291,6.2930674e-08,0.9999999
1292,3.9450215e-06,0.99999607
1293,0.99999976,2.1765051e-07
1294,4.2804635e-07,0.9999995
1295,9.553902e-07,0.99999905
1296,5.523881e-06,0.9999945
1297,3.308939e-07,0.99999964
1298,0.9999509,4.9138187e-05
1299,0.00071739854,0.99928266
1300,7.871835e-06,0.99999213
1301,7.4663484e-07,0.9999993
1302,1.1978118e-07,0.9999999
1303,0.00047170915,0.9995283
1304,0.0001579374,0.99984205
1305,0.9999999,1.4771773e-07
1306,0.99999964,3.0178754e-07
1307,0.0001323141,0.9998677
1308,5.3952544e-07,0.9999994
1309,0.00063819403,0.9993618
1310,3.697221e-05,0.99996305
1311,1.90561e-07,0.99999976
1312,5.5097473e-05,0.9999449
1313,2.7476078e-06,0.99999726
1314,1.9694176e-06,0.999998
1315,0.00012613386,0.9998739
1316,2.5176828e-07,0.99999976
1317,0.9999999,6.9668666e-08
1318,6.081421e-08,0.9999999
1319,1.0,2.2917481e-08
1320,4.6605027e-07,0.9999995
1321,3.1485359e-09,1.0
1322,2.68246e-06,0.99999726
1323,9.0557415e-07,0.99999905
1324,4.1536843e-08,1.0
1325,1.2967153e-07,0.9999999
1326,0.2281351,0.77186495
1327,2.2536244e-05,0.99997747
1328,0.99980813,0.00019194547
1329,0.002119002,0.997881
1330,1.4584981e-07,0.9999999
1331,8.595675e-06,0.9999914
1332,6.0894695e-06,0.9999939
1333,4.955027e-07,0.9999995
1334,3.412403e-08,1.0
1335,1.0,5.791585e-09
1336,1.1243637e-09,1.0
1337,1.4376449e-08,1.0
1338,0.004957571,0.99504244
1339,4.360261e-08,1.0
1340,0.9999254,7.457208e-05
1341,0.9999995,5.1825384e-07
1342,0.0032384282,0.9967616
1343,4.5618967e-06,0.99999547
1344,4.0422825e-07,0.99999964
1345,0.00012906877,0.9998709
1346,1.0,4.6508944e-08
1347,1.2795654e-06,0.9999987
1348,0.9983557,0.0016443306
1349,8.830897e-08,0.9999999
1350,1.5181893e-08,1.0
1351,3.0198443e-08,1.0
1352,5.105778e-05,0.999949
1353,2.9672813e-06,0.999997
1354,1.4877134e-05,0.9999851
1355,4.8778456e-05,0.99995124
1356,0.9999976,2.410071e-06
1357,1.0,1.8109512e-09
1358,1.0,1.7833248e-08
1359,0.9999995,4.370928e-07
1360,7.3957224e-08,0.9999999
1361,0.99999595,4.0967457e-06
1362,0.9989209,0.0010791436
1363,1.4917896e-08,1.0
1364,1.7997747e-08,1.0
1365,9.20632e-08,0.9999999
1366,1.0447216e-08,1.0
1367,0.00019499694,0.99980503
1368,7.654323e-06,0.9999924
1369,4.0698807e-05,0.99995935
1370,1.2887807e-07,0.9999999
1371,2.199548e-07,0.99999976
1372,0.9999994,5.6212957e-07
1373,1.1032334e-06,0.9999989
1374,4.5444494e-06,0.99999547
1375,1.5135869e-06,0.99999845
1376,2.296457e-07,0.99999976
1377,1.0,5.594534e-08
1378,2.8618576e-09,1.0
1379,9.641868e-06,0.99999034
1380,3.1487736e-05,0.9999685
1381,0.0031595146,0.9968405
1382,0.00045226022,0.99954766
1383,1.0,1.511847e-11
1384,0.99717724,0.0028227982
1385,5.816052e-06,0.99999416
1386,0.9999796,2.0378726e-05
1387,1.5919259e-08,1.0
1388,1.3791247e-08,1.0
1389,9.315268e-08,0.9999999
1390,0.9999862,1.3887344e-05
1391,3.6816877e-07,0.99999964
1392,0.99997234,2.7622798e-05
1393,3.1883632e-05,0.9999682
1394,2.725839e-09,1.0
1395,0.99999,9.959711e-06
1396,1.5199892e-07,0.9999999
1397,2.3100831e-06,0.99999774
1398,1.02064905e-05,0.99998975
1399,1.2237913e-08,1.0
1400,1.0,4.7202622e-08
1401,6.390047e-07,0.9999994
1402,8.674028e-08,0.9999999
1403,4.6333277e-08,1.0
1404,0.9992797,0.00072032574
1405,1.210198e-06,0.9999988
1406,4.9137263e-09,1.0
1407,2.3796397e-07,0.99999976
1408,0.999998,2.0719963e-06
1409,4.2552654e-07,0.9999995
1410,4.678687e-09,1.0
1411,2.0025443e-06,0.999998
1412,1.2970166e-08,1.0
1413,6.303302e-08,0.9999999
1414,6.1001694e-05,0.99993896
1415,1.0091721e-06,0.99999905
1416,0.9999993,7.360316e-07
1417,0.99987257,0.00012738608
1418,2.2713677e-07,0.99999976
1419,1.6991017e-08,1.0
1420,6.6432044e-08,0.9999999
1421,3.261222e-08,1.0
1422,1.0,4.3350603e-08
1423,9.8701975e-08,0.9999999
1424,1.2322654e-06,0.9999988
1425,0.9999995,4.4586847e-07
1426,1.0,2.2939261e-08
1427,4.631472e-08,1.0
1428,2.54699e-05,0.9999745
1429,5.6708547e-08,1.0
1430,1.04950736e-07,0.9999999
1431,0.99999833,1.645462e-06
1432,2.8589025e-06,0.99999714
1433,0.00013887283,0.9998611
1434,0.9999993,7.233611e-07
1435,2.0250842e-07,0.99999976
1436,3.4775087e-06,0.99999654
1437,9.4459824e-07,0.99999905
1438,1.2642079e-07,0.9999999
1439,3.096737e-05,0.999969
1440,4.5501764e-07,0.9999995
1441,1.8578126e-08,1.0
1442,1.150864e-06,0.9999988
1443,1.9785712e-07,0.99999976
1444,5.976954e-10,1.0
1445,1.219448e-08,1.0
1446,4.523175e-07,0.9999995
1447,7.058432e-05,0.9999294
1448,0.00025013855,0.99974984
1449,0.08388515,0.91611487
1450,0.9999993,6.9093863e-07
1451,2.122664e-08,1.0
1452,1.0,1.06592655e-08
1453,2.7948028e-07,0.99999976
1454,1.9442085e-05,0.99998057
1455,0.99999976,2.3500237e-07
1456,1.12433035e-07,0.9999999
1457,0.99988747,0.000112464964
1458,2.258876e-06,0.99999774
1459,0.04636816,0.9536318
1460,4.0126743e-05,0.9999598
1461,6.816046e-07,0.9999993
1462,7.5366224e-10,1.0
1463,2.1553284e-05,0.9999784
1464,0.9999207,7.926077e-05
1465,1.0645961e-07,0.9999999
1466,1.0702739e-06,0.9999989
1467,9.973977e-09,1.0
1468,0.9999999,9.978719e-08
1469,9.1034264e-07,0.99999905
1470,0.00096261234,0.9990374
1471,1.0735862e-06,0.9999989
1472,0.99998605,1.3914068e-05
1473,6.255621e-07,0.9999994
1474,3.9157626e-07,0.99999964
1475,0.99972314,0.00027682772
1476,5.2254694e-09,1.0
1477,8.533542e-08,0.9999999
1478,6.3601206e-06,0.9999937
1479,7.474841e-07,0.9999993
1480,0.99998045,1.9571486e-05
1481,2.1270164e-06,0.99999785
1482,0.999353,0.00064698776
1483,0.99999666,3.283218e-06
1484,3.0611765e-05,0.99996936
1485,4.6328943e-05,0.9999536
1486,0.9999695,3.0533487e-05
1487,1.642832e-08,1.0
1488,1.1487269e-06,0.9999988
1489,3.2798908e-09,1.0
1490,6.1354524e-07,0.9999994
1491,0.99998736,1.267008e-05
1492,1.0473173e-06,0.9999989
1493,4.6274062e-07,0.9999995
1494,3.8551384e-08,1.0
1495,9.291449e-05,0.99990714
1496,4.080092e-09,1.0
1497,0.9999809,1.9054014e-05
1498,1.7831807e-06,0.9999982
1499,1.0,9.757212e-09
1500,3.6621692e-05,0.9999634
1501,6.202608e-08,0.9999999
1502,4.0673936e-10,1.0
1503,1.0,4.3208825e-10
1504,7.0792646e-07,0.9999993
1505,1.2247858e-06,0.9999988
1506,4.7311192e-07,0.9999995
1507,0.9999995,4.2495915e-07
1508,7.517276e-07,0.9999993
1509,0.9999993,7.7102203e-07
1510,0.99999964,3.0672277e-07
1511,7.111597e-08,0.9999999
1512,3.2746963e-09,1.0
1513,3.3202326e-08,1.0
1514,6.3797656e-06,0.99999356
1515,1.0,3.809135e-08
1516,1.0,7.5298365e-11
1517,6.3316065e-08,0.9999999
1518,8.311064e-08,0.9999999
1519,0.00013460626,0.9998654
1520,2.9402008e-07,0.99999976
1521,3.2926903e-09,1.0
1522,0.9999945,5.4415564e-06
1523,4.004506e-06,0.99999595
1524,7.438091e-07,0.9999993
1525,1.0,2.6900282e-11
1526,0.00026290998,0.9997371
1527,5.2557816e-06,0.99999475
1528,3.706786e-08,1.0
1529,1.0,1.3667352e-09
1530,4.037878e-08,1.0
1531,3.6316113e-08,1.0
1532,9.683719e-09,1.0
1533,3.0604907e-09,1.0
1534,2.7679676e-09,1.0
1535,1.0,1.43345025e-08
1536,0.9999994,6.1845697e-07
1537,6.6141115e-07,0.9999993
1538,1.12131495e-07,0.9999999
1539,0.99999917,8.7217967e-07
1540,0.99996424,3.571206e-05
1541,2.2504029e-08,1.0
1542,0.99994826,5.1752693e-05
1543,4.046628e-06,0.99999595
1544,8.676775e-08,0.9999999
1545,3.2664573e-08,1.0
1546,5.0152714e-08,1.0
1547,1.0,1.8967785e-09
1548,0.999258,0.0007420187
1549,9.417166e-08,0.9999999
1550,2.0056758e-07,0.99999976
1551,2.5622676e-05,0.99997437
1552,4.4596968e-07,0.9999995
1553,1.0742949e-06,0.9999989
1554,1.6421396e-08,1.0
1555,0.9999982,1.7924729e-06
1556,8.323784e-09,1.0
1557,1.0,2.6503697e-11
1558,0.9999237,7.6325094e-05
1559,5.148984e-08,1.0
1560,2.1997539e-05,0.99997795
1561,0.9999999,1.5311804e-07
1562,2.9644302e-06,0.999997
1563,5.0271515e-10,1.0
1564,0.00012273752,0.9998772
1565,0.9999771,2.2898728e-05
1566,6.356749e-09,1.0
1567,0.99999344,6.5186236e-06
1568,1.0,2.1570084e-08
1569,0.999995,5.000122e-06
1570,6.3417747e-06,0.9999937
1571,1.0,9.36136e-09
1572,2.0406906e-05,0.9999796
1573,1.0,1.11334726e-10
1574,1.2047589e-07,0.9999999
1575,8.440286e-08,0.9999999
1576,0.0010240405,0.998976
1577,0.9999702,2.980553e-05
1578,1.0,2.7706548e-10
1579,0.99999833,1.6695374e-06
1580,1.0,4.103539e-08
1581,2.7254666e-06,0.99999726
1582,0.99980694,0.00019304559
1583,6.30697e-08,0.9999999
1584,1.0269423e-09,1.0
1585,0.9999999,9.2206946e-08
1586,1.0,5.8106497e-09
1587,9.102778e-08,0.9999999
1588,1.2309768e-05,0.9999877
1589,1.0,1.5225847e-09
1590,2.823029e-07,0.99999976
1591,2.6242267e-08,1.0
1592,6.428819e-07,0.9999994
1593,2.6238922e-06,0.9999974
1594,1.0,9.430105e-09
1595,0.9999877,1.2320996e-05
1596,4.291753e-08,1.0
1597,0.9999535,4.646633e-05
1598,5.6577774e-06,0.9999944
1599,1.1435182e-07,0.9999999
1600,0.99999976,2.0447798e-07
1601,0.00016692234,0.9998331
1602,3.4539855e-05,0.9999654
1603,9.527664e-08,0.9999999
1604,0.9999999,1.5848767e-07
1605,1.0,6.17199e-10
1606,0.99999976,2.8544025e-07
1607,5.7281653e-07,0.9999994
1608,2.5506228e-07,0.99999976
1609,0.9999839,1.6097034e-05
1610,0.9961202,0.0038797634
1611,1.2411056e-07,0.9999999
1612,5.7459965e-10,1.0
1613,0.999907,9.300605e-05
1614,0.99931777,0.0006822769
1615,1.3712809e-05,0.9999863
1616,2.220942e-08,1.0
1617,1.0,3.609408e-09
1618,0.99977845,0.00022155006
1619,1.9281329e-06,0.9999981
1620,0.99912864,0.00087141304
1621,1.0,1.3109496e-08
1622,7.837568e-05,0.99992156
1623,9.2076895e-08,0.9999999
1624,7.680732e-07,0.9999993
1625,0.99995875,4.125034e-05
1626,8.733927e-08,0.9999999
1627,6.9568515e-09,1.0
1628,0.0007807646,0.9992192
1629,0.0021615804,0.99783844
1630,3.880122e-09,1.0
1631,0.9999995,4.868298e-07
1632,0.99999833,1.632551e-06
1633,1.0,2.9749376e-08
1634,0.99999833,1.6236046e-06
1635,0.9999757,2.436108e-05
1636,1.7231405e-06,0.99999833
1637,0.9999511,4.885527e-05
1638,0.99999547,4.5749184e-06
1639,1.0,2.8500223e-08
1640,2.2737179e-06,0.99999774
1641,0.99999726,2.7643448e-06
1642,0.00015535211,0.9998447
1643,0.9999554,4.463934e-05
1644,1.0,1.5382966e-11
1645,0.9999994,5.903395e-07
1646,2.091999e-07,0.99999976
1647,3.2593414e-07,0.99999964
1648,0.9999999,9.1104205e-08
1649,0.9999999,7.1129804e-08
1650,1.606657e-06,0.99999845
1651,6.902123e-08,0.9999999
1652,5.482295e-06,0.9999945
1653,1.3340339e-05,0.99998665
1654,2.6021466e-08,1.0
1655,2.7437693e-06,0.99999726
1656,0.035660967,0.9643391
1657,9.246616e-09,1.0
1658,9.5398045e-06,0.99999046
1659,1.2033775e-07,0.9999999
1660,1.2009905e-09,1.0
1661,0.0008061878,0.99919385
1662,0.9999993,6.9425977e-07
1663,8.3336636e-05,0.9999167
1664,2.18448e-07,0.99999976
1665,1.0,3.6654857e-09
1666,3.6248763e-05,0.99996376
1667,1.747814e-05,0.9999825
1668,6.751714e-06,0.9999932
1669,7.544191e-09,1.0
1670,1.1675983e-08,1.0
1671,1.7894614e-08,1.0
1672,1.4500043e-08,1.0
1673,1.0,5.954348e-09
1674,1.4880208e-06,0.99999857
1675,1.0,4.8108646e-08
1676,0.99999976,2.4483057e-07
1677,3.2672613e-08,1.0
1678,1.2151683e-09,1.0
1679,1.1236727e-05,0.9999888
1680,1.0,1.7945199e-08
1681,0.007861325,0.9921387
1682,5.911798e-09,1.0
1683,3.1184566e-06,0.9999969
1684,3.6432013e-07,0.99999964
1685,1.3924947e-06,0.99999857
1686,1.8537709e-07,0.99999976
1687,6.0142145e-09,1.0
1688,0.0019822123,0.9980178
1689,1.2448491e-07,0.9999999
1690,3.0296041e-09,1.0
1691,1.0,3.0565605e-08
1692,3.4921e-08,1.0
1693,1.6689288e-08,1.0
1694,0.9998362,0.00016378907
1695,3.8781814e-06,0.99999607
1696,1.1802085e-08,1.0
1697,0.00013363022,0.99986637
1698,1.4139391e-06,0.99999857
1699,4.5925339e-07,0.9999995
1700,4.973194e-09,1.0
1701,8.3085405e-09,1.0
1702,5.2418203e-09,1.0
1703,1.1053844e-07,0.9999999
1704,7.992269e-10,1.0
1705,0.99999976,2.3571435e-07
1706,1.0,4.184767e-09
1707,1.0,4.300076e-09
1708,1.4390468e-08,1.0
1709,7.025834e-06,0.99999297
1710,0.9999863,1.3657994e-05
1711,6.443974e-08,0.9999999
1712,0.99999976,2.0831497e-07
1713,3.2426271e-07,0.99999964
1714,1.2386239e-05,0.9999876
1715,0.9996468,0.00035320333
1716,0.9999988,1.2408434e-06
1717,1.0,6.148303e-10
1718,4.1347135e-08,1.0
1719,3.399344e-09,1.0
1720,1.5836733e-08,1.0
1721,3.5046444e-08,1.0
1722,6.008861e-05,0.9999399
1723,2.565729e-07,0.99999976
1724,0.9999999,1.5754055e-07
1725,4.9068647e-05,0.9999509
1726,0.00015007104,0.9998499
1727,2.5156256e-05,0.99997485
1728,8.2480665e-06,0.9999918
1729,1.1178044e-07,0.9999999
1730,1.0,1.737309e-08
1731,2.999065e-08,1.0
1732,9.3107204e-08,0.9999999
1733,3.869762e-08,1.0
1734,0.9999999,6.209118e-08
1735,2.9921159e-09,1.0
1736,9.319066e-06,0.9999907
1737,3.4256786e-06,0.99999654
1738,0.99996805,3.2000542e-05
1739,1.3651368e-07,0.9999999
1740,1.5747155e-08,1.0
1741,0.9999988,1.2405463e-06
1742,0.016854977,0.983145
1743,0.024441674,0.9755584
1744,0.0057525067,0.99424744
1745,2.4428964e-08,1.0
1746,1.4390023e-09,1.0
1747,2.5004592e-05,0.99997497
1748,2.6889808e-08,1.0
1749,4.7843276e-08,1.0
1750,1.2139133e-08,1.0
1751,1.3195711e-09,1.0
1752,3.4931134e-07,0.99999964
1753,9.0709887e-07,0.99999905
1754,4.8414535e-07,0.9999995
1755,2.9643481e-06,0.999997
1756,0.9999989,1.0228708e-06
1757,1.390146e-07,0.9999999
1758,0.00077881303,0.9992212
1759,6.524985e-07,0.9999994
1760,6.208917e-07,0.9999994
1761,5.6274107e-08,1.0
1762,7.0151086e-06,0.99999297
1763,0.00046361386,0.9995364
1764,1.11448756e-07,0.9999999
1765,1.2864565e-06,0.9999987
1766,0.9999999,1.6261446e-07
1767,6.115595e-08,0.9999999
1768,0.99948657,0.0005134159
1769,3.166531e-09,1.0
1770,7.634675e-06,0.9999924
1771,4.4546672e-05,0.9999554
1772,1.0,3.2946584e-08
1773,0.99999654,3.4215188e-06
1774,1.8881778e-08,1.0
1775,4.304197e-08,1.0
1776,4.250832e-08,1.0
1777,8.57521e-09,1.0
1778,3.4536824e-06,0.99999654
1779,4.072496e-09,1.0
1780,2.2727652e-07,0.99999976
1781,1.0,1.3285117e-08
1782,0.99999535,4.63675e-06
1783,8.837233e-08,0.9999999
1784,0.9999888,1.11908375e-05
1785,9.857326e-09,1.0
1786,3.1834554e-10,1.0
1787,1.2541615e-07,0.9999999
1788,3.1173926e-08,1.0
1789,8.844282e-08,0.9999999
1790,1.5077084e-08,1.0
1791,2.940912e-06,0.999997
1792,2.2285164e-08,1.0
1793,0.012490258,0.9875097
1794,6.7124796e-07,0.9999993
1795,4.177502e-09,1.0
1796,2.483865e-07,0.99999976
1797,8.529455e-07,0.99999917
1798,6.3361125e-07,0.9999994
1799,1.5074775e-07,0.9999999
1800,0.9986633,0.0013367267
1801,0.024126465,0.97587353
1802,0.0026900163,0.99731004
1803,1.9870818e-06,0.999998
1804,1.2970909e-08,1.0
1805,0.00036003374,0.99964
1806,0.99997437,2.5606138e-05
1807,1.8869434e-07,0.99999976
1808,3.113934e-08,1.0
1809,0.9999994,5.6557155e-07
1810,1.12331815e-08,1.0
1811,8.08643e-06,0.9999919
1812,0.99999964,3.945086e-07
1813,1.622944e-05,0.9999838
1814,0.9999976,2.4115125e-06
1815,5.7687086e-09,1.0
1816,0.9999721,2.7884558e-05
1817,2.438125e-08,1.0
1818,0.9999691,3.0922547e-05
1819,4.321472e-08,1.0
1820,7.2715043e-06,0.9999927
1821,1.1019863e-08,1.0
1822,2.2151298e-07,0.99999976
1823,1.0,1.8927407e-10
1824,1.6330277e-07,0.9999999
1825,1.4707236e-05,0.99998534
1826,4.822606e-07,0.9999995
1827,1.0,1.0325582e-08
1828,3.6172114e-08,1.0
1829,5.506031e-09,1.0
1830,9.702276e-06,0.99999034
1831,1.7106983e-07,0.9999999
1832,6.4987525e-08,0.9999999
1833,8.96514e-08,0.9999999
1834,1.4056411e-06,0.99999857
1835,0.00010618061,0.9998938
1836,0.9999999,6.1850294e-08
1837,0.9999429,5.7109446e-05
1838,1.3430054e-06,0.9999987
1839,0.00021837966,0.99978167
1840,1.308677e-06,0.9999987
1841,9.794554e-05,0.999902
1842,0.0012564133,0.9987436
1843,1.9665711e-07,0.99999976
1844,0.9989913,0.0010086932
1845,1.5773157e-08,1.0
1846,0.99999964,3.5303242e-07
1847,1.2792416e-11,1.0
1848,1.3404215e-07,0.9999999
1849,5.480369e-07,0.9999994
1850,0.99999964,3.1040966e-07
1851,0.99998784,1.2183563e-05
1852,5.6340474e-07,0.9999994
1853,1.20112745e-05,0.99998796
1854,9.717952e-08,0.9999999
1855,0.9999982,1.8024426e-06
1856,3.929641e-10,1.0
1857,4.5295376e-08,1.0
1858,0.0007374647,0.9992625
1859,1.4109775e-05,0.99998593
1860,0.00013510788,0.9998648
1861,0.9999974,2.6438565e-06
1862,0.99997354,2.6510508e-05
1863,2.6426514e-07,0.99999976
1864,1.0,3.0476754e-09
1865,1.954183e-06,0.9999981
1866,5.687623e-08,1.0
1867,9.361789e-07,0.99999905
1868,1.2089126e-09,1.0
1869,1.787874e-07,0.9999999
1870,1.0,1.763063e-08
1871,0.9999889,1.1034849e-05
1872,8.214958e-08,0.9999999
1873,3.3322474e-05,0.9999666
1874,6.594084e-08,0.9999999
1875,1.6918149e-09,1.0
1876,2.930134e-06,0.999997
1877,1.6355846e-08,1.0
1878,2.40286e-06,0.9999976
1879,5.2201994e-09,1.0
1880,3.351301e-07,0.99999964
1881,0.01392292,0.9860771
1882,1.7519461e-07,0.9999999
1883,0.9999969,3.1468528e-06
1884,1.0,2.818619e-08
1885,2.54913e-09,1.0
1886,2.0846613e-10,1.0
1887,1.3161267e-05,0.9999869
1888,1.949073e-09,1.0
1889,6.8918484e-07,0.9999993
1890,1.0312744e-09,1.0
1891,2.350533e-09,1.0
1892,5.4498087e-06,0.9999945
1893,9.353489e-05,0.9999064
1894,2.6288056e-08,1.0
1895,2.5433695e-07,0.99999976
1896,5.407066e-10,1.0
1897,4.0701664e-09,1.0
1898,1.4682855e-09,1.0
1899,6.762739e-07,0.9999993
1900,0.00041980334,0.9995802
1901,0.0024913384,0.99750865
1902,0.00094642525,0.99905354
1903,3.3279218e-06,0.99999666
1904,0.0016865338,0.9983134
1905,0.99999833,1.7193732e-06
1906,0.99997663,2.3357616e-05
1907,1.1231039e-06,0.9999989
1908,0.99999046,9.501832e-06
1909,9.517329e-08,0.9999999
1910,9.8023385e-08,0.9999999
1911,0.999759,0.00024098865
1912,0.9999988,1.1573302e-06
1913,0.004816184,0.99518377
1914,0.9999982,1.7497316e-06
1915,1.0,5.6965582e-08
1916,3.7039368e-05,0.9999629
1917,0.9999703,2.9718934e-05
1918,3.1361733e-07,0.99999964
1919,6.6469656e-09,1.0
1920,0.9999999,8.817954e-08
1921,8.735726e-08,0.9999999
1922,2.3028516e-08,1.0
1923,0.000117956086,0.999882
1924,1.9060752e-07,0.99999976
1925,1.0145556e-05,0.99998987
1926,0.000113839254,0.99988616
1927,2.3873682e-07,0.99999976
1928,0.9999999,9.882008e-08
1929,1.0,9.053064e-09
1930,1.498059e-06,0.99999845
1931,3.9265225e-05,0.9999608
1932,4.1581497e-06,0.9999958
1933,1.2866519e-10,1.0
1934,4.4809184e-08,1.0
1935,2.2347653e-05,0.9999777
1936,1.0,2.8173826e-08
1937,1.9817865e-06,0.999998
1938,4.014676e-09,1.0
1939,9.2295624e-05,0.99990773
1940,7.0373817e-06,0.99999297
1941,2.9347495e-07,0.99999976
1942,3.9323815e-08,1.0
1943,1.8257962e-08,1.0
1944,3.2594187e-08,1.0
1945,0.99999785,2.108983e-06
1946,3.1906322e-05,0.99996805
1947,0.037500262,0.96249974
1948,4.3984314e-06,0.9999956
1949,1.0,2.004311e-09
1950,7.424583e-07,0.9999993
1951,1.628329e-08,1.0
1952,1.0,5.1812057e-09
1953,7.883803e-06,0.99999213
1954,1.0,8.309429e-09
1955,4.836215e-05,0.9999516
1956,6.593474e-07,0.9999993
1957,8.904045e-06,0.99999106
1958,3.24061e-06,0.9999968
1959,0.9999479,5.2110896e-05
1960,7.743099e-07,0.9999993
1961,1.4725747e-05,0.9999852
1962,0.006180366,0.99381965
1963,1.0,2.6101048e-08
1964,0.9999988,1.1696823e-06
1965,1.0,7.5923867e-10
1966,0.0008940068,0.999106
1967,2.039537e-07,0.99999976
1968,1.0,4.957423e-10
1969,0.99983346,0.00016655191
1970,1.0,1.642991e-09
1971,3.5468473e-09,1.0
1972,2.9302178e-08,1.0
1973,7.815858e-06,0.99999213
1974,1.0,6.9795285e-12
1975,1.7398227e-08,1.0
1976,0.0008354891,0.9991646
1977,2.4378089e-05,0.99997556
1978,0.9999589,4.1170173e-05
1979,9.112624e-09,1.0
1980,0.99999404,6.002384e-06
1981,2.6974312e-06,0.99999726
1982,4.870741e-07,0.9999995
1983,1.0,3.913638e-08
1984,3.5107132e-07,0.99999964
1985,6.756435e-08,0.9999999
1986,3.241975e-07,0.99999964
1987,9.472447e-06,0.9999906
1988,1.0,6.5062413e-09
1989,9.101007e-08,0.9999999
1990,1.0,1.737309e-08
1991,7.754841e-07,0.99999917
1992,1.0,1.282762e-08
1993,1.4708137e-07,0.9999999
1994,2.0683065e-06,0.999998
1995,0.99914944,0.0008505239
1996,0.0003322227,0.99966776
1997,3.3364574e-06,0.99999666
1998,0.99999976,2.3271372e-07
1999,9.1463885e-09,1.0
2000,8.6334796e-07,0.99999917
2001,1.4586637e-09,1.0
2002,3.5241783e-07,0.99999964
2003,1.0,4.0200113e-08
2004,5.7831656e-08,1.0
2005,1.2569051e-06,0.9999987
2006,6.6164586e-07,0.9999993
2007,1.1543625e-09,1.0
2008,3.220211e-07,0.99999964
2009,2.9732678e-07,0.99999976
2010,1.4268291e-07,0.9999999
2011,4.1060234e-06,0.99999595
2012,0.9999943,5.7389875e-06
2013,5.810957e-07,0.9999994
2014,0.99998915,1.089066e-05
2015,1.0105631e-07,0.9999999
2016,1.1598893e-06,0.9999988
2017,2.4659807e-08,1.0
2018,1.0966973e-05,0.99998903
2019,4.809064e-09,1.0
2020,2.8010296e-08,1.0
2021,1.5213494e-07,0.9999999
2022,1.9887063e-06,0.999998
2023,1.7986049e-06,0.9999982
2024,2.8028688e-07,0.99999976
2025,4.4024437e-09,1.0
2026,1.4011707e-07,0.9999999
2027,2.329958e-06,0.9999976
2028,0.00010498644,0.999895
2029,1.1244349e-06,0.9999989
2030,1.0,2.5508044e-08
2031,6.928503e-06,0.9999931
2032,5.9403635e-07,0.9999994
2033,4.456049e-07,0.9999995
2034,1.1252833e-05,0.9999888
2035,9.241149e-06,0.9999907
2036,5.10404e-07,0.9999995
2037,0.0692184,0.9307816
2038,1.3875906e-05,0.9999862
2039,7.457681e-07,0.9999993
2040,0.9999988,1.1963201e-06
2041,6.66085e-09,1.0
2042,0.99992216,7.782582e-05
2043,1.556394e-06,0.99999845
2044,6.6466447e-07,0.9999993
2045,2.4858628e-07,0.99999976
2046,9.296023e-06,0.9999907
2047,0.00016057843,0.9998394
2048,4.88206e-06,0.9999951
2049,0.00074834237,0.99925166
2050,0.9999999,1.6868286e-07
2051,7.700624e-05,0.999923
2052,5.548118e-08,1.0
2053,8.003579e-05,0.99992
2054,2.2590424e-05,0.99997735
2055,1.6111806e-05,0.9999839
2056,0.99991846,8.155074e-05
2057,0.0001759775,0.9998241
2058,4.46459e-08,1.0
2059,5.065278e-09,1.0
2060,0.9999999,1.3430959e-07
2061,0.99931157,0.00068845286
2062,0.99995685,4.3126587e-05
2063,4.2990753e-09,1.0
2064,0.99999654,3.4422428e-06
2065,0.5656271,0.4343729
2066,0.99999964,3.8538784e-07
2067,1.3425073e-06,0.9999987
2068,2.8566781e-08,1.0
2069,7.14316e-09,1.0
2070,0.9999993,6.796554e-07
2071,2.218602e-06,0.99999774
2072,3.2038773e-08,1.0
2073,7.51808e-08,0.9999999
2074,3.360838e-08,1.0
2075,0.0008561927,0.99914384
2076,0.00043869892,0.99956125
2077,0.00061140937,0.9993886
2078,0.001542247,0.9984578
2079,5.11494e-08,1.0
2080,7.804915e-07,0.99999917
2081,1.0,6.271795e-09
2082,6.962894e-06,0.9999931
2083,0.99999976,2.2365778e-07
2084,5.987822e-05,0.99994016
2085,8.44913e-08,0.9999999
2086,6.977571e-07,0.9999993
2087,0.00012876907,0.99987125
2088,1.0860467e-05,0.99998915
2089,1.0,1.2447546e-12
2090,1.7224493e-05,0.99998283
2091,2.0197669e-05,0.99997985
2092,3.5462142e-06,0.9999964
2093,0.99999905,9.949079e-07
2094,1.0270446e-06,0.9999989
2095,1.1924407e-08,1.0
2096,2.771313e-08,1.0
2097,1.03180845e-07,0.9999999
2098,0.99997437,2.5582951e-05
2099,8.198695e-08,0.9999999
2100,7.472855e-06,0.9999925
2101,0.99999917,8.706281e-07
2102,0.9999976,2.3693233e-06
2103,1.7127192e-07,0.9999999
2104,6.7519454e-07,0.9999993
2105,2.4471035e-07,0.99999976
2106,4.7103073e-05,0.9999529
2107,0.9999995,5.0475353e-07
2108,9.105531e-10,1.0
2109,0.9999999,7.494028e-08
2110,3.8670763e-08,1.0
2111,2.9655965e-07,0.99999976
2112,0.9999989,1.0766313e-06
2113,1.3937662e-06,0.99999857
2114,9.0410805e-07,0.99999905
2115,1.5103282e-06,0.99999845
2116,7.0104565e-05,0.9999299
2117,1.39447275e-05,0.99998605
2118,0.9999999,1.1057766e-07
2119,1.0,5.395685e-09
2120,3.7783427e-06,0.9999962
2121,3.6728747e-05,0.9999633
2122,0.00045235985,0.99954766
2123,0.9998727,0.0001273125
2124,2.0699876e-08,1.0
2125,1.3637016e-07,0.9999999
2126,5.1367492e-09,1.0
2127,1.315109e-06,0.9999987
2128,2.9992826e-08,1.0
2129,0.9999194,8.0600796e-05
2130,7.825537e-05,0.9999217
2131,6.11201e-07,0.9999994
2132,2.364326e-06,0.9999976
2133,1.719395e-05,0.99998283
2134,0.9999988,1.1668468e-06
2135,3.3528937e-05,0.9999665
2136,0.016166618,0.9838334
2137,4.681332e-08,1.0
2138,0.0034857623,0.99651426
2139,8.139926e-06,0.9999919
2140,5.810763e-07,0.9999994
2141,6.0122274e-10,1.0
2142,4.6109008e-06,0.99999535
2143,1.998675e-06,0.999998
2144,9.671134e-08,0.9999999
2145,0.9998723,0.00012766504
2146,5.33106e-05,0.9999467
2147,1.250616e-06,0.9999988
2148,0.9999604,3.957521e-05
2149,0.0047090184,0.995291
2150,6.2936527e-09,1.0
2151,1.09516634e-07,0.9999999
2152,7.37112e-07,0.9999993
2153,1.0338322e-06,0.9999989
2154,0.002190537,0.99780947
2155,0.008464376,0.99153566
2156,7.989441e-08,0.9999999
2157,2.7728786e-06,0.99999726
2158,0.00057724083,0.9994228
2159,2.3065362e-05,0.999977
2160,2.7086142e-07,0.99999976
2161,5.2201824e-07,0.9999995
2162,9.495115e-09,1.0
2163,8.4541125e-06,0.99999154
2164,2.5695261e-08,1.0
2165,5.354162e-10,1.0
2166,0.9999939,6.118237e-06
2167,0.99989915,0.00010081536
2168,1.15847044e-07,0.9999999
2169,1.9909534e-08,1.0
2170,4.2291828e-07,0.9999995
2171,0.99999976,2.0488106e-07
2172,5.8230006e-07,0.9999994
2173,1.997946e-07,0.99999976
2174,5.57402e-08,1.0
2175,0.00023576058,0.99976426
2176,0.00025376608,0.99974626
2177,4.8590606e-05,0.99995136
2178,5.202001e-06,0.99999475
2179,1.9301108e-06,0.9999981
2180,8.9912035e-08,0.9999999
2181,0.99370426,0.0062957103
2182,0.99999964,3.8450858e-07
2183,0.99990153,9.848999e-05
2184,1.0965371e-06,0.9999989
2185,1.0,3.2008094e-09
2186,6.137295e-08,0.9999999
2187,1.4052844e-07,0.9999999
2188,5.604418e-10,1.0
2189,4.8326494e-09,1.0
2190,9.822916e-06,0.9999902
2191,0.99984086,0.00015913114
2192,1.6983977e-07,0.9999999
2193,9.120328e-09,1.0
2194,1.0,1.2243977e-09
2195,6.043678e-07,0.9999994
2196,8.8589843e-07,0.99999917
2197,0.9999994,6.3114766e-07
2198,0.9998739,0.00012608635
2199,4.795032e-09,1.0
2200,1.0,3.4950836e-09
2201,6.3552034e-06,0.9999937
2202,1.1291241e-05,0.9999887
2203,1.2591014e-05,0.99998736
2204,2.2747844e-09,1.0
2205,1.2671163e-08,1.0
2206,1.0,1.3358976e-09
2207,2.2768084e-08,1.0
2208,0.9999999,1.04129235e-07
2209,1.7653484e-07,0.9999999
2210,5.7610146e-07,0.9999994
2211,0.99993587,6.4115615e-05
2212,0.9999994,5.399321e-07
2213,8.512246e-08,0.9999999
2214,1.0,4.615493e-08
2215,7.779573e-09,1.0
2216,3.8531502e-06,0.9999962
2217,1.0,6.7178823e-09
2218,0.0003361917,0.99966383
2219,0.0010529035,0.9989471
2220,7.2786185e-07,0.9999993
2221,2.1884387e-06,0.99999785
2222,0.99999905,1.0122604e-06
2223,0.9999963,3.7346658e-06
2224,0.9999995,4.6142256e-07
2225,1.0,3.891241e-08
2226,0.9999975,2.4757467e-06
2227,1.2167354e-05,0.99998784
2228,2.1905167e-08,1.0
2229,7.15287e-08,0.9999999
2230,2.3389969e-06,0.9999976
2231,1.0,2.2389589e-08
2232,7.091976e-10,1.0
2233,3.6751606e-09,1.0
2234,4.9317558e-05,0.99995065
2235,1.8277132e-07,0.99999976
2236,1.7379114e-07,0.9999999
2237,1.097863e-05,0.99998903
2238,2.625955e-06,0.9999974
2239,8.439462e-09,1.0
2240,0.9999995,4.7206225e-07
2241,5.941887e-06,0.99999404
2242,5.7875685e-08,1.0
2243,1.6127261e-08,1.0
2244,0.9999809,1.9102266e-05
2245,3.9632618e-05,0.9999604
2246,1.0,7.999528e-10
2247,0.9931745,0.0068255323
2248,8.091353e-05,0.99991906
2249,4.6174895e-09,1.0
2250,8.6215846e-10,1.0
2251,4.635321e-05,0.9999536
2252,6.132042e-07,0.9999994
2253,1.6613287e-08,1.0
2254,2.2536244e-05,0.99997747
2255,4.7578013e-07,0.9999995
2256,0.9999995,4.4557345e-07
2257,0.00039007215,0.99961
2258,3.6113164e-05,0.9999639
2259,1.948699e-07,0.99999976
2260,0.9999964,3.6285278e-06
2261,1.6180874e-08,1.0
2262,2.6982827e-06,0.99999726
2263,9.774694e-07,0.99999905
2264,1.3793156e-05,0.9999862
2265,0.9999988,1.1393212e-06
2266,0.9999999,6.860386e-08
2267,0.9941672,0.0058328146
2268,0.99990547,9.456482e-05
2269,4.692727e-05,0.99995303
2270,1.4035306e-08,1.0
2271,0.99999833,1.6497909e-06
2272,6.598764e-07,0.9999993
2273,3.6206331e-09,1.0
2274,1.1493142e-06,0.9999988
2275,4.0886016e-07,0.99999964
2276,5.282362e-05,0.9999472
2277,0.00066173996,0.9993382
2278,1.0,1.5081714e-08
2279,1.4145413e-08,1.0
2280,0.9999999,1.0980884e-07
2281,2.0260906e-05,0.99997973
2282,1.0,1.985788e-08
2283,0.9999603,3.9672927e-05
2284,1.0,5.471351e-08
2285,1.4194667e-05,0.9999858
2286,8.273603e-05,0.99991727
2287,1.0563718e-07,0.9999999
2288,0.00022362095,0.9997764
2289,4.1370722e-08,1.0
2290,0.012672758,0.9873273
2291,2.0622656e-06,0.999998
2292,2.55245e-07,0.99999976
2293,0.99999905,9.899852e-07
2294,2.6072687e-08,1.0
2295,9.05996e-08,0.9999999
2296,2.4233708e-05,0.9999758
2297,1.84338e-05,0.9999815
2298,0.99995184,4.815079e-05
2299,8.5042075e-06,0.99999154
2300,5.262861e-08,1.0
2301,0.9999925,7.497797e-06
2302,1.2526642e-06,0.9999987
2303,0.00054619473,0.99945384
2304,6.555772e-08,0.9999999
2305,0.00013930479,0.99986064
2306,5.3382374e-09,1.0
2307,0.00040403908,0.99959594
2308,0.9999199,8.013025e-05
2309,5.703179e-08,1.0
2310,0.00074325997,0.9992567
2311,2.641665e-05,0.99997354
2312,2.536111e-06,0.9999975
2313,3.2228346e-07,0.99999964
2314,4.9694698e-08,1.0
2315,5.9132788e-08,1.0
2316,1.065236e-05,0.9999894
2317,8.286277e-08,0.9999999
2318,2.841355e-07,0.99999976
2319,0.99993277,6.728844e-05
2320,9.698395e-09,1.0
2321,9.998921e-07,0.99999905
2322,5.4623467e-10,1.0
2323,6.7608057e-06,0.9999932
2324,3.7412035e-06,0.9999963
2325,6.214592e-08,0.9999999
2326,3.7081583e-07,0.99999964
2327,4.6051078e-08,1.0
2328,1.0403418e-05,0.9999896
2329,0.99999976,2.1716079e-07
2330,5.3530824e-09,1.0
2331,0.00020468463,0.9997954
2332,1.928536e-05,0.9999807
2333,1.6890243e-07,0.9999999
2334,1.6675343e-09,1.0
2335,4.1702624e-06,0.9999958
2336,1.4968544e-08,1.0
2337,3.6810104e-06,0.9999963
2338,5.205875e-07,0.9999995
2339,0.00035790092,0.99964213
2340,3.0692902e-08,1.0
2341,0.00010787948,0.9998921
2342,1.0,3.8827523e-08
2343,5.0430735e-06,0.999995
2344,1.3204916e-06,0.9999987
2345,6.4532173e-07,0.9999994
2346,2.640056e-08,1.0
2347,5.8239393e-06,0.99999416
2348,0.99999905,9.2321665e-07
2349,1.2090746e-05,0.99998796
2350,1.7976545e-08,1.0
2351,2.8137822e-06,0.99999714
2352,8.1224344e-10,1.0
2353,1.3898578e-05,0.99998605
2354,4.8345763e-09,1.0
2355,0.9999678,3.213608e-05
2356,0.99997365,2.6328751e-05
2357,0.0074018086,0.9925982
2358,1.44677415e-05,0.9999856
2359,2.4865625e-05,0.9999751
2360,1.4864945e-07,0.9999999
2361,1.1765694e-06,0.9999988
2362,9.562613e-06,0.99999046
2363,0.99999535,4.642042e-06
2364,7.222045e-05,0.99992776
2365,1.8778805e-05,0.99998116
2366,0.004075958,0.995924
2367,3.1699037e-06,0.9999968
2368,8.457425e-10,1.0
2369,1.6568028e-07,0.9999999
2370,0.9999999,1.3452996e-07
2371,1.8361234e-07,0.99999976
2372,2.9992201e-05,0.99996996
2373,1.0,3.6620495e-08
2374,0.0019859872,0.998014
2375,1.0,1.5463437e-09
2376,4.7088666e-09,1.0
2377,3.296613e-08,1.0
2378,6.4970425e-07,0.9999994
2379,1.3386574e-09,1.0
2380,0.002677995,0.997322
2381,2.100444e-05,0.999979
2382,7.2031674e-09,1.0
2383,0.9999856,1.4438341e-05
2384,1.7308124e-09,1.0
2385,4.6236e-06,0.99999535
2386,3.219101e-06,0.9999968
2387,1.8834628e-07,0.99999976
2388,1.0179468e-08,1.0
2389,1.1186832e-07,0.9999999
2390,1.0,2.1591642e-09
2391,1.2745841e-06,0.9999987
2392,7.623026e-08,0.9999999
2393,0.99999154,8.496223e-06
2394,0.999992,7.934231e-06
2395,7.114487e-05,0.99992883
2396,1.4598891e-08,1.0
2397,1.0,1.6837998e-08
2398,6.402263e-05,0.999936
2399,2.8303415e-08,1.0
2400,2.0123234e-06,0.999998
2401,5.520522e-09,1.0
2402,3.8591412e-07,0.99999964
2403,0.017937526,0.9820625
2404,0.9958331,0.0041668774
2405,0.99999917,8.007556e-07
2406,7.1611154e-08,0.9999999
2407,1.02894504e-07,0.9999999
2408,2.4749005e-08,1.0
2409,2.1289304e-10,1.0
2410,1.5875496e-06,0.99999845
2411,1.8046943e-07,0.99999976
2412,3.8438422e-10,1.0
2413,6.69389e-08,0.9999999
2414,0.00039149993,0.9996086
2415,5.2592363e-06,0.99999475
2416,1.1558517e-07,0.9999999
2417,2.7142949e-06,0.99999726
2418,4.6428642e-08,1.0
2419,4.9488484e-05,0.9999505
2420,1.493554e-07,0.9999999
2421,0.0005814944,0.9994185
2422,0.9999999,6.5169125e-08
2423,0.99999297,7.01982e-06
2424,1.50786e-07,0.9999999
2425,0.010926506,0.98907346
2426,5.2971573e-05,0.9999471
2427,9.0015845e-08,0.9999999
2428,1.0,5.7747356e-11
2429,0.9999658,3.424719e-05
2430,0.9992513,0.00074870477
2431,5.083254e-07,0.9999995
2432,3.872273e-07,0.99999964
2433,0.99997795,2.2042606e-05
2434,1.9152209e-09,1.0
2435,3.383314e-05,0.99996614
2436,6.274529e-06,0.9999937
2437,4.7613644e-06,0.99999523
2438,3.4690354e-06,0.99999654
2439,2.8882742e-08,1.0
2440,1.1893752e-06,0.9999988
2441,1.0,6.321738e-11
2442,1.2135765e-10,1.0
2443,3.3930235e-08,1.0
2444,8.825174e-05,0.9999118
2445,7.1462473e-06,0.99999285
2446,1.4363074e-08,1.0
2447,1.1647672e-07,0.9999999
2448,2.0347027e-08,1.0
2449,0.00019973828,0.99980026
2450,1.0,2.1930322e-09
2451,1.542932e-07,0.9999999
2452,2.3866609e-05,0.99997616
2453,0.9999993,6.671329e-07
2454,1.0955116e-06,0.9999989
2455,2.2580174e-08,1.0
2456,2.3661191e-06,0.9999976
2457,0.9999937,6.309843e-06
2458,0.9999157,8.431898e-05
2459,4.4671623e-08,1.0
2460,1.5952033e-07,0.9999999
2461,7.50418e-09,1.0
2462,1.0,2.2441235e-08
2463,2.0925975e-07,0.99999976
2464,0.99974674,0.0002532416
2465,3.10839e-09,1.0
2466,1.0,2.8560146e-11
2467,1.0,2.6608232e-08
2468,4.9413046e-07,0.9999995
2469,1.0,7.721093e-09
2470,0.98319525,0.016804717
2471,1.0793746e-07,0.9999999
2472,8.234411e-08,0.9999999
2473,1.0,1.1391269e-08
2474,4.826922e-06,0.99999523
2475,6.8172234e-08,0.9999999
2476,5.8174948e-08,1.0
2477,0.9999999,9.227698e-08
2478,0.9999993,7.547778e-07
2479,2.5233916e-07,0.99999976
2480,7.545144e-08,0.9999999
2481,3.5311956e-08,1.0
2482,0.9999958,4.1721955e-06
2483,3.9504314e-08,1.0
2484,9.60682e-09,1.0
2485,1.0,3.387987e-11
2486,0.9999372,6.2775594e-05
2487,6.985948e-08,0.9999999
2488,3.6676562e-07,0.99999964
2489,1.0,6.6718866e-09
2490,0.9999999,6.269525e-08
2491,4.156207e-06,0.9999958
2492,7.045064e-07,0.9999993
2493,5.8491315e-07,0.9999994
2494,4.810379e-06,0.99999523
2495,0.99829775,0.0017023231
2496,6.681145e-05,0.99993324
2497,0.99976,0.00024000244
2498,0.9999999,1.333993e-07
2499,1.2152361e-08,1.0
2500,2.074231e-07,0.99999976
2501,4.0020754e-07,0.99999964
2502,2.4845146e-09,1.0
2503,5.014655e-07,0.9999995
2504,5.461901e-06,0.9999945
2505,1.0030649e-06,0.99999905
2506,0.9999032,9.679616e-05
2507,5.261348e-05,0.9999474
2508,4.625316e-06,0.99999535
2509,7.987703e-06,0.999992
2510,2.2020855e-07,0.99999976
2511,2.778951e-08,1.0
2512,3.8474e-06,0.9999962
2513,1.0,7.660569e-09
2514,0.99999464,5.3417457e-06
2515,0.99995613,4.3906377e-05
2516,1.0,4.516106e-08
2517,6.1497104e-07,0.9999994
2518,0.00011205776,0.99988794
2519,1.83381e-05,0.99998164
2520,7.9909654e-08,0.9999999
2521,1.5575446e-07,0.9999999
2522,0.9999999,1.0603931e-07
2523,0.99999976,1.9849271e-07
2524,0.0007231605,0.9992768
2525,1.729908e-05,0.9999827
2526,0.9999958,4.1800495e-06
2527,0.9999969,3.101628e-06
2528,2.3378418e-06,0.9999976
2529,0.99998975,1.0222827e-05
2530,3.8462375e-07,0.99999964
2531,7.823322e-07,0.99999917
2532,3.699447e-08,1.0
2533,0.0017739142,0.9982261
2534,1.1353704e-07,0.9999999
2535,0.9999863,1.3662384e-05
2536,1.0,1.6701101e-08
2537,1.0,9.5420546e-11
2538,2.59386e-09,1.0
2539,7.3049186e-08,0.9999999
2540,7.479212e-07,0.9999993
2541,0.00028489606,0.99971503
2542,9.756665e-07,0.99999905
2543,0.99999905,8.966967e-07
2544,8.679465e-10,1.0
2545,3.771254e-08,1.0
2546,7.0514105e-08,0.9999999
2547,1.0,1.1309662e-10
2548,0.9999975,2.548238e-06
2549,4.7581914e-08,1.0
2550,0.99999964,3.7317605e-07
2551,0.00579536,0.9942047
2552,0.009078477,0.99092156
2553,1.2835649e-05,0.9999871
2554,0.9999999,6.4059726e-08
2555,5.5773976e-06,0.9999944
2556,3.6192173e-06,0.9999964
2557,1.0,4.2313753e-09
2558,7.739376e-09,1.0
2559,9.055882e-08,0.9999999
2560,5.7966105e-07,0.9999994
2561,7.385556e-09,1.0
2562,0.024860345,0.9751397
2563,1.4901806e-07,0.9999999
2564,1.02763295e-07,0.9999999
2565,0.99997354,2.641975e-05
2566,0.9999999,8.940517e-08
2567,6.5733013e-07,0.9999993
2568,2.7565466e-08,1.0
2569,0.9999999,9.191161e-08
2570,1.0,2.649747e-08
2571,5.3164956e-07,0.9999995
2572,4.628717e-07,0.9999995
2573,7.028342e-08,0.9999999
2574,0.999308,0.0006919914
2575,5.6323044e-09,1.0
2576,5.1225243e-06,0.9999949
2577,1.1928356e-05,0.9999881
2578,3.2967264e-08,1.0
2579,0.9999728,2.7129308e-05
2580,0.9998524,0.00014752935
2581,5.7036954e-07,0.9999994
2582,6.298903e-08,0.9999999
2583,1.4991165e-09,1.0
2584,5.5628357e-07,0.9999994
2585,1.1580655e-06,0.9999988
2586,0.99995697,4.3071555e-05
2587,1.2722205e-07,0.9999999
2588,1.19795525e-08,1.0
2589,8.843033e-08,0.9999999
2590,3.6987916e-07,0.99999964
2591,1.3757087e-09,1.0
2592,5.317286e-08,1.0
2593,2.389161e-09,1.0
2594,7.929027e-06,0.999992
2595,7.281604e-08,0.9999999
2596,9.110366e-07,0.99999905
2597,0.9999937,6.3471534e-06
2598,0.99999917,8.523844e-07
2599,1.0,5.106878e-08
2600,0.99999154,8.407079e-06
2601,0.99951506,0.0004849866
2602,8.692491e-09,1.0
2603,1.0,8.17393e-12
2604,6.3726397e-09,1.0
2605,6.2425024e-06,0.9999938
2606,0.0024148307,0.9975852
2607,0.0015380263,0.99846196
2608,1.7950951e-08,1.0
2609,1.0476426e-05,0.9999895
2610,1.1742564e-07,0.9999999
2611,5.011265e-08,1.0
2612,5.9930203e-06,0.99999404
2613,7.7265315e-07,0.9999993
2614,0.99999976,2.7104747e-07
2615,4.134825e-05,0.99995863
2616,2.328273e-08,1.0
2617,9.272285e-06,0.9999907
2618,0.9642853,0.035714746
2619,1.0,9.801564e-10
2620,0.9999654,3.452474e-05
2621,2.7773824e-08,1.0
2622,6.682738e-09,1.0
2623,0.99999964,3.1491626e-07
2624,6.9936928e-06,0.99999297
2625,4.356934e-06,0.9999956
2626,2.5522644e-08,1.0
2627,5.9156026e-08,1.0
2628,3.1050527e-05,0.999969
2629,3.4209995e-07,0.99999964
2630,4.3656473e-06,0.9999956
2631,0.9999975,2.477166e-06
2632,1.7361218e-06,0.9999982
2633,0.0010116063,0.99898833
2634,7.605044e-09,1.0
2635,0.9999999,1.14422726e-07
2636,5.1984503e-06,0.99999475
2637,0.0010518167,0.99894816
2638,3.7924465e-08,1.0
2639,1.0,1.6649401e-10
2640,1.0,2.5743274e-09
2641,1.0,1.1356061e-08
2642,5.5224838e-08,1.0
2643,9.0937687e-07,0.99999905
2644,1.0,1.9459787e-09
2645,1.5714397e-07,0.9999999
2646,0.00019220734,0.9998078
2647,1.0422337e-06,0.9999989
2648,7.479828e-06,0.9999925
2649,5.0013504e-09,1.0
2650,1.9778882e-07,0.99999976
2651,0.9999969,3.0702265e-06
2652,0.9999994,6.276788e-07
2653,1.816896e-08,1.0
2654,4.84173e-06,0.9999951
2655,0.99999917,7.797416e-07
2656,1.0,3.248021e-10
2657,1.2394171e-06,0.9999988
2658,3.507025e-08,1.0
2659,7.1879775e-08,0.9999999
2660,1.0,1.8441206e-09
2661,4.782626e-10,1.0
2662,0.99999917,8.3476505e-07
2663,1.6293968e-07,0.9999999
2664,0.0001159357,0.999884
2665,2.0073215e-07,0.99999976
2666,4.596202e-06,0.99999535
2667,5.9375486e-07,0.9999994
2668,0.0047070137,0.99529296
2669,0.99998856,1.1481692e-05
2670,3.0759395e-07,0.99999964
2671,2.0951016e-07,0.99999976
2672,1.7902384e-07,0.99999976
2673,4.0958522e-08,1.0
2674,0.9998035,0.00019648779
2675,1.3513989e-06,0.9999987
2676,0.9999995,4.4775012e-07
2677,2.4021759e-08,1.0
2678,1.3460879e-06,0.9999987
2679,0.0025377953,0.99746215
2680,4.2118087e-09,1.0
2681,4.1339565e-08,1.0
2682,0.9998385,0.00016145693
2683,0.99866056,0.0013394796
2684,0.058158666,0.94184136
2685,0.037872285,0.96212775
2686,3.3347288e-07,0.99999964
2687,2.0503405e-08,1.0
2688,0.0004612298,0.9995388
2689,0.00027776786,0.9997222
2690,2.4827472e-07,0.99999976
2691,2.1060901e-05,0.9999789
2692,5.1555585e-08,1.0
2693,1.3911454e-08,1.0
2694,0.000380664,0.99961936
2695,0.9999671,3.291543e-05
2696,1.058889e-08,1.0
2697,2.9640697e-07,0.99999976
2698,1.0,5.2248463e-11
2699,1.9527413e-06,0.9999981
2700,1.2410678e-07,0.9999999
2701,6.371442e-06,0.9999937
2702,6.246087e-06,0.9999938
2703,3.3294489e-06,0.99999666
2704,0.9999819,1.807354e-05
2705,2.6071675e-07,0.99999976
2706,1.8809641e-07,0.99999976
2707,0.9886099,0.011390066
2708,0.00024355913,0.9997564
2709,1.0,1.9918954e-08
2710,2.2648732e-05,0.99997735
2711,1.0055544e-07,0.9999999
2712,4.1374115e-08,1.0
2713,3.0857166e-06,0.9999969
2714,0.9999691,3.090583e-05
2715,5.2037e-05,0.9999479
2716,0.9999927,7.2358366e-06
2717,2.0348114e-08,1.0
2718,1.028207e-06,0.9999989
2719,1.9323214e-05,0.9999807
2720,1.3110471e-08,1.0
2721,6.7234606e-07,0.9999993
2722,1.0,2.1463748e-08
2723,3.572245e-07,0.99999964
2724,1.0,1.6840109e-09
2725,0.9999565,4.355989e-05
2726,9.748165e-06,0.9999902
2727,0.9999869,1.3082591e-05
2728,0.9993517,0.0006483204
2729,0.9999989,1.0249136e-06
2730,0.99999905,9.183378e-07
2731,0.00022468915,0.99977535
2732,0.99999964,3.9237887e-07
2733,1.2868537e-07,0.9999999
2734,3.4728076e-10,1.0
2735,1.9026223e-06,0.9999981
2736,7.5348926e-06,0.9999925
2737,0.00047344915,0.9995266
2738,0.005444669,0.99455535
2739,0.00092945894,0.9990706
2740,2.292965e-06,0.99999774
2741,3.823183e-08,1.0
2742,1.1158191e-07,0.9999999
2743,1.0,8.107239e-09
2744,2.684055e-09,1.0
2745,0.9999957,4.2419692e-06
2746,2.2208249e-06,0.99999774
2747,1.5096216e-05,0.99998486
2748,0.9999995,4.983537e-07
2749,4.466941e-08,1.0
2750,4.85301e-06,0.9999951
2751,1.4195854e-07,0.9999999
2752,0.9999995,5.1248867e-07
2753,1.0,1.549361e-09
2754,1.0945143e-06,0.9999989
2755,9.733924e-06,0.9999902
2756,0.001399879,0.9986002
2757,0.9986706,0.0013294404
2758,6.262591e-06,0.9999937
2759,0.99999917,7.792636e-07
2760,1.0,5.379056e-10
2761,1.9552837e-09,1.0
2762,5.222931e-08,1.0
2763,1.0284236e-06,0.9999989
2764,5.5880285e-08,1.0
2765,8.334875e-07,0.99999917
2766,9.0796783e-07,0.99999905
2767,2.6017008e-06,0.9999974
2768,0.99999917,8.024014e-07
2769,0.9998772,0.00012282419
2770,1.0,5.5963056e-08
2771,2.9969495e-08,1.0
2772,2.5857455e-08,1.0
2773,1.0,9.036795e-09
2774,8.1316684e-05,0.9999187
2775,4.877741e-06,0.9999951
2776,0.9999832,1.6756205e-05
2777,0.000103925144,0.99989605
2778,0.9999219,7.8081466e-05
2779,1.2757221e-09,1.0
2780,2.2720038e-10,1.0
2781,2.1061765e-05,0.9999789
2782,0.00264234,0.99735767
2783,8.273925e-07,0.99999917
2784,3.1335223e-09,1.0
2785,5.0902377e-06,0.9999949
2786,2.6306413e-08,1.0
2787,0.9999403,5.973598e-05
2788,6.1850515e-06,0.9999938
2789,0.9999025,9.747018e-05
2790,0.99999547,4.579445e-06
2791,0.0001515743,0.99984837
2792,0.99999285,7.145818e-06
2793,9.447901e-05,0.99990547
2794,6.367075e-06,0.9999937
2795,2.5374052e-06,0.9999975
2796,0.9999995,4.5821395e-07
2797,1.215127e-05,0.99998784
2798,0.99999845,1.5127658e-06
2799,4.020753e-05,0.9999598
2800,1.0251369e-07,0.9999999
2801,0.9999999,9.442671e-08
2802,0.99998856,1.1396144e-05
2803,4.0817362e-08,1.0
2804,1.3794767e-06,0.99999857
2805,3.0815672e-06,0.9999969
2806,1.0,2.3824866e-08
2807,8.28545e-06,0.99999166
2808,0.00020111902,0.99979895
2809,1.4819963e-06,0.99999857
2810,8.378483e-09,1.0
2811,1.1824058e-07,0.9999999
2812,9.0685695e-08,0.9999999
2813,0.99999976,2.837074e-07
2814,0.020910645,0.9790893
2815,1.453405e-05,0.99998546
2816,0.99999654,3.4679704e-06
2817,3.874467e-07,0.99999964
2818,1.0,3.7038742e-08
2819,8.681472e-09,1.0
2820,0.0011289885,0.998871
2821,0.99999976,2.8001492e-07
2822,5.0196736e-08,1.0
2823,0.9999924,7.654519e-06
2824,1.1467043e-08,1.0
2825,1.0,4.375939e-09
2826,0.9990392,0.00096087874
2827,2.2146544e-07,0.99999976
2828,1.5286519e-09,1.0
2829,0.9999994,6.319644e-07
2830,6.852174e-06,0.9999932
2831,1.0,3.6725908e-08
2832,1.8716979e-05,0.9999813
2833,1.37105705e-08,1.0
2834,4.7624e-06,0.99999523
2835,1.3111318e-05,0.9999869
2836,0.9999665,3.3472646e-05
2837,0.99999976,2.3619545e-07
2838,0.999998,2.0285704e-06
2839,0.9999908,9.146667e-06
2840,0.99999845,1.5896358e-06
2841,0.99999785,2.1462988e-06
2842,1.4703089e-06,0.99999857
2843,4.0513243e-08,1.0
2844,2.1540047e-06,0.99999785
2845,0.03687817,0.96312183
2846,0.9999862,1.3887053e-05
2847,8.130312e-09,1.0
2848,8.156285e-08,0.9999999
2849,1.0,4.5595265e-09
2850,1.0,2.554992e-08
2851,2.6884533e-07,0.99999976
2852,1.0,1.2769282e-11
2853,1.0901624e-07,0.9999999
2854,2.0614712e-06,0.999998
2855,3.9778324e-06,0.99999607
2856,0.999972,2.7962473e-05
2857,6.7467126e-06,0.9999932
2858,0.99999785,2.1080923e-06
2859,4.200553e-09,1.0
2860,0.9999871,1.2871995e-05
2861,1.2409226e-06,0.9999988
2862,4.6874388e-07,0.9999995
2863,2.23531e-06,0.99999774
2864,7.98775e-08,0.9999999
2865,0.9999938,6.1586175e-06
2866,4.8509463e-08,1.0
2867,5.637552e-07,0.9999994
2868,6.563773e-07,0.9999993
2869,2.5727538e-06,0.9999974
2870,3.0191704e-05,0.99996984
2871,0.0004581349,0.9995419
2872,1.0,4.753975e-11
2873,4.1234336e-09,1.0
2874,5.739256e-06,0.9999943
2875,4.3585713e-09,1.0
2876,2.7534315e-07,0.99999976
2877,4.4221643e-08,1.0
2878,1.5050938e-08,1.0
2879,7.8351206e-08,0.9999999
2880,1.0,2.342315e-10
2881,2.4681975e-07,0.99999976
2882,1.2599735e-07,0.9999999
2883,7.055063e-10,1.0
2884,1.5918735e-06,0.99999845
2885,5.934016e-06,0.99999404
2886,0.9998123,0.00018777327
2887,3.48772e-08,1.0
2888,7.881736e-08,0.9999999
2889,9.956824e-07,0.99999905
2890,1.0,9.204262e-09
2891,1.4017683e-06,0.99999857
2892,0.9999974,2.5893391e-06
2893,3.739823e-07,0.99999964
2894,1.0,2.6762606e-08
2895,9.912795e-07,0.99999905
2896,1.615487e-05,0.9999838
2897,0.00032818352,0.9996718
2898,0.99999917,7.781504e-07
2899,7.8201816e-07,0.99999917
2900,1.0,5.0329994e-08
2901,1.17341115e-05,0.9999883
2902,1.0,2.4615915e-08
2903,9.747915e-08,0.9999999
2904,2.3950958e-10,1.0
2905,1.7616703e-07,0.9999999
2906,3.0747105e-07,0.99999964
2907,6.762397e-05,0.9999324
2908,2.8312918e-08,1.0
2909,1.0,1.2321387e-08
2910,4.839408e-07,0.9999995
2911,9.843281e-05,0.99990153
2912,1.0966442e-07,0.9999999
2913,1.0539589e-05,0.9999895
2914,7.048156e-08,0.9999999
2915,2.1665873e-07,0.99999976
2916,1.7992568e-06,0.9999982
2917,3.9568376e-06,0.99999607
2918,3.0883342e-08,1.0
2919,9.827571e-07,0.99999905
2920,0.00011825543,0.99988174
2921,2.777642e-08,1.0
2922,0.9999999,1.4815213e-07
2923,1.7600171e-10,1.0
2924,5.7190226e-07,0.9999994
2925,6.652143e-05,0.9999335
2926,3.4476639e-06,0.99999654
2927,0.0093180025,0.990682
2928,1.7921964e-09,1.0
2929,1.0,3.5162476e-12
2930,1.0,1.7875808e-09
2931,6.8637297e-07,0.9999993
2932,2.6810005e-05,0.9999732
2933,3.3360693e-06,0.99999666
2934,1.7501737e-08,1.0
2935,1.4855152e-07,0.9999999
2936,1.0804699e-08,1.0
2937,1.0972182e-05,0.99998903
2938,1.0409502e-05,0.9999896
2939,5.419924e-09,1.0
2940,1.0,1.5708517e-08
2941,6.9295997e-06,0.9999931
2942,1.0,4.5403237e-08
2943,5.0050453e-06,0.999995
2944,0.9999999,1.6457462e-07
2945,1.0394228e-08,1.0
2946,3.3857507e-08,1.0
2947,3.0086046e-06,0.999997
2948,0.9998977,0.00010232737
2949,8.7862156e-10,1.0
2950,0.00054365024,0.99945635
2951,0.99995697,4.3041582e-05
2952,8.898899e-09,1.0
2953,2.357148e-07,0.99999976
2954,4.7786824e-07,0.9999995
2955,4.8158778e-05,0.99995184
2956,1.3357174e-08,1.0
2957,6.031069e-07,0.9999994
2958,2.3224966e-05,0.99997675
2959,0.9980798,0.0019202206
2960,1.6661497e-07,0.9999999
2961,0.9999975,2.558031e-06
2962,3.262479e-07,0.99999964
2963,0.023256775,0.9767432
2964,4.8685814e-07,0.9999995
2965,0.0023896475,0.99761033
2966,0.99999964,3.6101332e-07
2967,2.6270923e-06,0.9999974
2968,0.99999976,1.8241295e-07
2969,5.7494003e-07,0.9999994
2970,1.5061072e-05,0.999985
2971,6.512141e-08,0.9999999
2972,8.950614e-09,1.0
2973,2.7701827e-07,0.99999976
2974,1.2066439e-06,0.9999988
2975,1.7334252e-06,0.9999982
2976,8.847521e-08,0.9999999
2977,9.639226e-07,0.99999905
2978,2.0437517e-06,0.999998
2979,2.0258395e-07,0.99999976
2980,9.6091696e-08,0.9999999
2981,5.297453e-06,0.99999475
2982,1.0334369e-08,1.0
2983,1.7145268e-05,0.99998283
2984,0.016641192,0.9833588
2985,1.0,3.147167e-09
2986,1.6521952e-06,0.99999833
2987,1.2398807e-08,1.0
2988,3.9677275e-10,1.0
2989,0.99999964,3.597115e-07
2990,5.3159365e-05,0.99994683
2991,3.6095408e-08,1.0
2992,2.8286263e-07,0.99999976
2993,3.234793e-06,0.9999968
2994,9.671015e-06,0.99999034
2995,3.3610374e-07,0.99999964
2996,5.7375233e-05,0.99994266
2997,0.9999982,1.7311041e-06
2998,2.3029383e-05,0.999977
2999,5.0287576e-06,0.999995
3000,1.02015665e-05,0.99998975
3001,3.166054e-09,1.0
3002,1.9135314e-06,0.9999981
3003,4.580987e-06,0.99999547
3004,4.1650216e-07,0.99999964
3005,6.1610432e-09,1.0
3006,2.5334364e-08,1.0
3007,6.2057796e-07,0.9999994
3008,0.99999845,1.564297e-06
3009,1.5486829e-06,0.99999845
3010,1.4858858e-08,1.0
3011,1.1294923e-09,1.0
3012,0.9999393,6.0638853e-05
3013,1.0,8.134244e-11
3014,1.3631828e-07,0.9999999
3015,1.0,2.4567424e-11
3016,5.773252e-07,0.9999994
3017,1.0,2.7320345e-08
3018,0.99991024,8.980445e-05
3019,1.1486504e-08,1.0
3020,0.9999999,9.2207124e-08
3021,8.4775784e-05,0.99991524
3022,0.0017627563,0.99823725
3023,9.891301e-09,1.0
3024,0.9998198,0.00018020507
3025,1.9690326e-06,0.999998
3026,0.9999999,1.3161726e-07
3027,7.190613e-05,0.9999281
3028,2.3478239e-07,0.99999976
3029,1.2801955e-08,1.0
3030,1.0861855e-05,0.99998915
3031,0.00024283683,0.9997571
3032,1.0,4.6061533e-08
3033,3.5471913e-07,0.99999964
3034,0.9999982,1.761438e-06
3035,4.6123487e-09,1.0
3036,5.147973e-07,0.9999995
3037,1.2082464e-07,0.9999999
3038,1.2339947e-07,0.9999999
3039,2.7583507e-08,1.0
3040,8.753747e-06,0.9999913
3041,5.3771648e-05,0.99994624
3042,2.808113e-07,0.99999976
3043,2.0362518e-06,0.999998
3044,0.023735281,0.97626466
3045,7.224855e-07,0.9999993
3046,5.4677827e-07,0.9999994
3047,8.610497e-07,0.99999917
3048,2.2600618e-05,0.99997735
3049,4.17135e-07,0.99999964
3050,1.0,2.5307704e-08
3051,2.7176054e-07,0.99999976
3052,1.0,1.3108145e-08
3053,2.8237063e-10,1.0
3054,0.99999976,2.4326724e-07
3055,1.9663457e-06,0.9999981
3056,3.6354172e-06,0.9999964
3057,0.0023491336,0.9976509
3058,4.3062587e-07,0.9999995
3059,0.00046890994,0.99953115
3060,0.9999018,9.821275e-05
3061,0.9999999,9.7438445e-08
3062,1.4770984e-07,0.9999999
3063,1.0422407e-06,0.9999989
3064,7.1541845e-06,0.99999285
3065,0.9999987,1.2666326e-06
3066,0.00034905685,0.99965096
3067,0.9999927,7.323791e-06
3068,0.4423337,0.55766636
3069,0.9999963,3.738272e-06
3070,4.7984198e-08,1.0
3071,1.3917386e-05,0.99998605
3072,2.297578e-08,1.0
3073,1.1316392e-05,0.9999887
3074,0.9999064,9.3565315e-05
3075,1.0341645e-08,1.0
3076,1.493799e-06,0.99999845
3077,1.6102948e-08,1.0
3078,6.1143464e-06,0.9999939
3079,0.9999529,4.7124235e-05
3080,0.00075123826,0.9992487
3081,3.124741e-06,0.9999969
3082,1.722968e-06,0.99999833
3083,2.1857022e-06,0.99999785
3084,0.99995434,4.5668996e-05
3085,4.624424e-07,0.9999995
3086,1.3107788e-09,1.0
3087,0.9996013,0.00039867323
3088,3.67069e-07,0.99999964
3089,2.7522555e-07,0.99999976
3090,1.11939386e-07,0.9999999
3091,1.2113206e-08,1.0
3092,3.784571e-07,0.99999964
3093,4.5685833e-06,0.99999547
3094,9.007026e-07,0.99999905
3095,1.1940514e-07,0.9999999
3096,1.0,1.7111812e-11
3097,1.337718e-07,0.9999999
3098,1.0,3.2734928e-08
3099,7.8598305e-07,0.99999917
3100,5.8292067e-06,0.99999416
3101,1.2059332e-08,1.0
3102,1.6542734e-07,0.9999999
3103,0.99999225,7.7470595e-06
3104,3.0281585e-06,0.999997
3105,3.1408067e-07,0.99999964
3106,0.00093046145,0.9990695
3107,1.0,3.0770334e-08
3108,1.0,2.5805475e-08
3109,0.99989295,0.00010701034
3110,1.4090003e-06,0.99999857
3111,1.906563e-05,0.9999809
3112,1.0497676e-07,0.9999999
3113,1.1278044e-07,0.9999999
3114,1.1609102e-07,0.9999999
3115,9.838245e-08,0.9999999
3116,2.0457583e-06,0.999998
3117,0.9999999,8.619209e-08
3118,9.024429e-07,0.99999905
3119,7.840413e-08,0.9999999
3120,4.0618553e-07,0.99999964
3121,0.0034469096,0.99655306
3122,1.3449237e-07,0.9999999
3123,8.2596415e-08,0.9999999
3124,0.9999819,1.8131477e-05
3125,5.823778e-06,0.99999416
3126,5.9778313e-06,0.99999404
3127,1.0,4.5080593e-08
3128,1.2934958e-06,0.9999987
3129,0.9999572,4.2808173e-05
3130,3.6359065e-09,1.0
3131,5.7215818e-08,1.0
3132,4.5779288e-07,0.9999995
3133,0.99999774,2.3008467e-06
3134,2.93681e-07,0.99999976
3135,9.836826e-07,0.99999905
3136,1.5813604e-06,0.99999845
3137,2.5466965e-08,1.0
3138,1.5378536e-07,0.9999999
3139,0.99885416,0.0011458298
3140,1.7899749e-05,0.9999821
3141,1.4997534e-05,0.999985
3142,0.9999982,1.769957e-06
3143,1.0,1.5526594e-09
3144,0.9999994,6.4478223e-07
3145,1.7058504e-05,0.99998295
3146,6.107739e-07,0.9999994
3147,2.0590564e-08,1.0
3148,2.6945717e-08,1.0
3149,4.8809703e-08,1.0
3150,7.882954e-08,0.9999999
3151,0.999985,1.5019247e-05
3152,1.0643495e-09,1.0
3153,0.01173058,0.98826945
3154,0.9998815,0.00011849315
3155,0.00040350948,0.99959654
3156,3.192986e-09,1.0
3157,0.0012716698,0.99872833
3158,5.128758e-10,1.0
3159,1.0,4.0300123e-09
3160,1.0931332e-08,1.0
3161,4.3774186e-08,1.0
3162,1.1406075e-08,1.0
3163,0.99999774,2.2754336e-06
3164,6.329266e-05,0.9999367
3165,0.99999964,3.7918684e-07
3166,0.9999938,6.194e-06
3167,0.9999944,5.653371e-06
3168,5.8004537e-07,0.9999994
3169,1.0,2.3001562e-08
3170,0.000118317694,0.9998816
3171,4.1834025e-09,1.0
3172,1.3455898e-06,0.9999987
3173,1.004519e-06,0.99999905
3174,1.2353013e-08,1.0
3175,0.9995993,0.00040071688
3176,2.983041e-05,0.9999702
3177,2.8470703e-07,0.99999976
3178,3.31567e-08,1.0
3179,1.04324855e-07,0.9999999
3180,1.2444866e-08,1.0
3181,7.8118724e-08,0.9999999
3182,8.110135e-08,0.9999999
3183,0.00026395734,0.999736
3184,5.927874e-07,0.9999994
3185,6.376241e-07,0.9999994
3186,0.99997723,2.2749498e-05
3187,0.9999981,1.8735001e-06
3188,4.805005e-06,0.99999523
3189,0.9999962,3.785538e-06
3190,7.355194e-08,0.9999999
3191,1.5075523e-07,0.9999999
3192,5.973153e-08,0.9999999
3193,5.094677e-06,0.9999949
3194,4.846433e-08,1.0
3195,0.033632856,0.9663671
3196,0.99995124,4.8727776e-05
3197,2.4536224e-05,0.99997544
3198,1.2185561e-06,0.9999988
3199,1.532596e-06,0.99999845
3200,0.99999213,7.863543e-06
3201,2.7222482e-06,0.99999726
3202,0.0004979536,0.99950206
3203,1.1053417e-05,0.9999889
3204,0.9993117,0.00068836496
3205,4.797427e-07,0.9999995
3206,0.9999999,1.6256361e-07
3207,1.5755119e-05,0.99998426
3208,0.9999186,8.143549e-05
3209,0.99999666,3.3588246e-06
3210,1.9098559e-06,0.9999981
3211,4.42298e-09,1.0
3212,5.8962596e-05,0.999941
3213,0.9999999,1.6094756e-07
3214,0.9999008,9.911586e-05
3215,2.0491441e-08,1.0
3216,0.0028566779,0.9971433
3217,2.9030539e-06,0.99999714
3218,5.7665943e-06,0.9999943
3219,0.00027598313,0.999724
3220,5.3936354e-05,0.9999461
3221,2.6313564e-05,0.99997365
3222,0.9999759,2.4091763e-05
3223,1.3298638e-06,0.9999987
3224,2.3388484e-08,1.0
3225,0.00012236754,0.9998776
3226,1.0,4.4419032e-08
3227,0.99862003,0.0013800032
3228,9.851085e-09,1.0
3229,0.9999975,2.4569065e-06
3230,2.5674743e-07,0.99999976
3231,2.559226e-07,0.99999976
3232,1.3791367e-05,0.9999862
3233,3.34904e-05,0.9999665
3234,1.3251109e-07,0.9999999
3235,1.4241347e-07,0.9999999
3236,9.648067e-08,0.9999999
3237,1.7640207e-07,0.9999999
3238,5.5187917e-05,0.9999448
3239,2.0294942e-07,0.99999976
3240,1.5096216e-05,0.99998486
3241,0.9980217,0.0019783417
3242,1.0,2.524858e-09
3243,1.6797509e-07,0.9999999
3244,1.4246224e-07,0.9999999
3245,6.881275e-08,0.9999999
3246,0.9999999,1.3177664e-07
3247,1.84153e-07,0.99999976
3248,0.9978089,0.0021911804
3249,1.0,8.4589e-12
3250,5.3844036e-07,0.9999994
3251,6.086932e-06,0.9999939
3252,0.00015726432,0.99984276
3253,6.65142e-08,0.9999999
3254,1.5836272e-06,0.99999845
3255,1.0,5.377961e-09
3256,9.394597e-08,0.9999999
3257,0.0005895372,0.9994105
3258,4.7432856e-08,1.0
3259,1.351599e-08,1.0
3260,0.9999912,8.7895505e-06
3261,2.4958777e-07,0.99999976
3262,0.99999917,7.824889e-07
3263,1.0,6.863792e-11
3264,0.9999999,6.704291e-08
3265,1.403149e-05,0.99998593
3266,2.0073935e-06,0.999998
3267,4.5486362e-07,0.9999995
3268,2.4713047e-06,0.9999975
3269,4.67069e-05,0.99995327
3270,4.345475e-07,0.9999995
3271,0.99999785,2.111841e-06
3272,1.6712228e-06,0.99999833
3273,1.7098274e-07,0.9999999
3274,0.99999857,1.4225535e-06
3275,1.6084101e-08,1.0
3276,0.999995,4.9593277e-06
3277,2.8463887e-07,0.99999976
3278,3.947404e-08,1.0
3279,2.1745176e-07,0.99999976
3280,1.9154994e-08,1.0
3281,0.99999964,3.8192476e-07
3282,4.2062754e-07,0.9999995
3283,1.6498854e-05,0.99998355
3284,2.797403e-09,1.0
3285,5.3953966e-09,1.0
3286,1.2074384e-08,1.0
3287,2.3382069e-07,0.99999976
3288,3.1337137e-09,1.0
3289,2.7376785e-08,1.0
3290,8.4806516e-07,0.99999917
3291,0.00016796011,0.99983203
3292,0.9999999,9.205021e-08
3293,1.7047488e-06,0.99999833
3294,7.780496e-08,0.9999999
3295,2.3260121e-05,0.99997675
3296,1.8180053e-08,1.0
3297,8.335177e-07,0.99999917
3298,9.009999e-06,0.99999094
3299,0.9999956,4.4488916e-06
3300,1.0,5.5602477e-08
3301,1.0,1.2439882e-08
3302,0.9999999,1.11302185e-07
3303,2.0598538e-06,0.999998
3304,0.9997973,0.00020276819
3305,5.6319852e-08,1.0
3306,0.99993706,6.2938576e-05
3307,1.0,3.0498354e-11
3308,0.99999905,9.888888e-07
3309,6.0559832e-06,0.9999939
3310,4.878627e-05,0.99995124
3311,1.0,1.926124e-08
3312,0.999926,7.4011776e-05
3313,1.2530086e-08,1.0
3314,1.0,2.500957e-08
3315,2.686029e-07,0.99999976
3316,3.9481716e-08,1.0
3317,0.0001266846,0.9998733
3318,7.210798e-06,0.99999285
3319,1.0,7.852165e-11
3320,2.4055214e-07,0.99999976
3321,0.9999993,7.025553e-07
3322,2.9372694e-07,0.99999976
3323,0.9999908,9.186022e-06
3324,4.75574e-05,0.99995244
3325,1.0,1.4481138e-08
3326,2.9799872e-07,0.99999976
3327,6.5917676e-09,1.0
3328,6.1801774e-07,0.9999994
3329,5.630339e-09,1.0
3330,2.6039015e-10,1.0
3331,3.3449464e-08,1.0
3332,4.3898082e-05,0.99995613
3333,7.899608e-10,1.0
3334,2.4558872e-07,0.99999976
3335,0.001451932,0.9985481
3336,5.8905505e-07,0.9999994
3337,4.117033e-05,0.9999589
3338,1.9149368e-08,1.0
3339,2.0214547e-07,0.99999976
3340,0.00029240525,0.9997075
3341,7.86845e-06,0.99999213
3342,3.9227447e-07,0.99999964
3343,3.9530355e-06,0.99999607
3344,2.6015418e-06,0.9999974
3345,1.0,2.113576e-10
3346,1.0,8.820654e-10
3347,3.728438e-06,0.9999963
3348,6.521478e-06,0.99999344
3349,0.02642159,0.97357845
3350,0.94497997,0.05501997
3351,9.524594e-08,0.9999999
3352,0.99999976,2.4573023e-07
3353,1.5328094e-07,0.9999999
3354,0.0009764764,0.99902356
3355,2.0311593e-07,0.99999976
3356,0.9999722,2.7729533e-05
3357,8.949267e-05,0.9999105
3358,0.9999999,9.6445525e-08
3359,1.8596988e-06,0.9999981
3360,1.0221131e-06,0.9999989
3361,2.1713697e-07,0.99999976
3362,3.310334e-07,0.99999964
3363,2.151187e-07,0.99999976
3364,0.00012788436,0.9998721
3365,3.0763627e-09,1.0
3366,4.1882545e-10,1.0
3367,6.469516e-08,0.9999999
3368,5.86121e-06,0.99999416
3369,0.99998367,1.6304555e-05
3370,9.1003966e-07,0.99999905
3371,4.0615714e-06,0.99999595
3372,1.0,1.8547995e-08
3373,0.9997278,0.0002721878
3374,1.4267673e-08,1.0
3375,0.99932456,0.00067541975
3376,1.0,2.3786997e-08
3377,1.0,6.265407e-10
3378,4.2171832e-06,0.9999958
3379,5.1593134e-09,1.0
3380,1.3333303e-07,0.9999999
3381,6.985074e-06,0.99999297
3382,0.998642,0.0013580085
3383,1.6182257e-05,0.9999838
3384,2.1700585e-06,0.99999785
3385,0.9999989,1.099618e-06
3386,4.7530528e-07,0.9999995
3387,4.843129e-05,0.9999516
3388,7.5984424e-10,1.0
3389,7.571519e-10,1.0
3390,2.2896079e-07,0.99999976
3391,3.3331119e-06,0.99999666
3392,1.9431265e-09,1.0
3393,0.0034716504,0.9965283
3394,1.0,4.4573152e-08
3395,0.9948671,0.005132952
3396,0.0004526298,0.9995473
3397,0.99999976,2.3229863e-07
3398,0.0003981461,0.9996019
3399,0.9999989,1.0952025e-06
3400,2.7005866e-08,1.0
3401,1.0,3.005674e-08
3402,5.2785538e-08,1.0
3403,1.01268554e-07,0.9999999
3404,0.00026069352,0.99973935
3405,0.99999416,5.8200803e-06
3406,2.0237637e-07,0.99999976
3407,1.1470693e-05,0.99998856
3408,4.941832e-07,0.9999995
3409,1.8341456e-06,0.9999982
3410,1.0024288e-08,1.0
3411,0.00044662156,0.9995534
3412,0.0006554307,0.9993445
3413,1.5832256e-09,1.0
3414,2.3066732e-06,0.99999774
3415,2.251034e-08,1.0
3416,8.45802e-07,0.99999917
3417,1.1441323e-09,1.0
3418,8.441629e-07,0.99999917
3419,1.0,2.2607324e-08
3420,8.134969e-08,0.9999999
3421,3.809373e-09,1.0
3422,0.99992967,7.037403e-05
3423,0.004107046,0.995893
3424,1.0,2.891828e-09
3425,1.4803611e-08,1.0
3426,7.1264236e-07,0.9999993
3427,3.4566664e-08,1.0
3428,1.9392399e-08,1.0
3429,3.7702616e-08,1.0
3430,2.4458694e-07,0.99999976
3431,1.0,4.4319887e-10
3432,1.0,4.052329e-08
3433,1.16770225e-05,0.9999883
3434,2.1875607e-08,1.0
3435,0.99990296,9.708337e-05
3436,0.000363409,0.99963653
3437,0.93815094,0.061849
3438,1.4041384e-08,1.0
3439,1.822048e-06,0.9999982
3440,0.9999689,3.111206e-05
3441,3.717633e-08,1.0
3442,1.8653044e-08,1.0
3443,0.9975909,0.0024091767
3444,0.0013449148,0.9986551
3445,5.9345057e-05,0.99994063
3446,9.240378e-08,0.9999999
3447,6.8907053e-07,0.9999993
3448,1.3162303e-07,0.9999999
3449,4.405106e-05,0.9999559
3450,1.9131699e-08,1.0
3451,1.14772995e-07,0.9999999
3452,5.3380187e-05,0.9999466
3453,0.7963979,0.20360209
3454,0.9999989,1.0207162e-06
3455,0.9999856,1.4374989e-05
3456,3.737591e-07,0.99999964
3457,0.00029330095,0.9997067
3458,1.0,1.270024e-09
3459,0.999998,2.0851742e-06
3460,3.8523973e-07,0.99999964
3461,8.234825e-07,0.99999917
3462,1.6095002e-07,0.9999999
3463,0.00504445,0.9949556
3464,1.6694102e-07,0.9999999
3465,9.1058055e-06,0.99999094
3466,0.0011669097,0.9988331
3467,9.355265e-07,0.99999905
3468,0.9999937,6.3542334e-06
3469,2.8666156e-07,0.99999976
3470,0.000799821,0.99920017
3471,1.0,1.3668272e-08
3472,9.876186e-08,0.9999999
3473,6.553334e-08,0.9999999
3474,1.4789643e-05,0.9999852
3475,0.00023150271,0.99976856
3476,1.06673035e-07,0.9999999
3477,1.0,1.6360705e-09
3478,3.0889293e-08,1.0
3479,5.571847e-06,0.9999944
3480,7.8500044e-08,0.9999999
3481,4.8258424e-09,1.0
3482,0.0012625915,0.9987374
3483,1.0,1.4301131e-08
3484,2.02302e-08,1.0
3485,7.3980195e-09,1.0
3486,3.2620555e-08,1.0
3487,0.99746394,0.0025360037
3488,4.8189555e-08,1.0
3489,0.00012817125,0.99987185
3490,1.0,1.6523822e-08
3491,6.824197e-08,0.9999999
3492,1.4440599e-07,0.9999999
3493,1.0,1.0455988e-08
3494,0.9999652,3.4809716e-05
3495,3.1875817e-07,0.99999964
3496,1.5769704e-07,0.9999999
3497,4.6291537e-10,1.0
3498,0.99992085,7.9094505e-05
3499,1.0,2.0670049e-08
3500,1.5476877e-07,0.9999999
3501,1.2680447e-08,1.0
3502,1.4162562e-07,0.9999999
3503,0.00036580805,0.99963415
3504,8.303329e-09,1.0
3505,0.99914896,0.0008510172
3506,9.302586e-06,0.9999907
3507,2.43911e-09,1.0
3508,7.8059735e-08,0.9999999
3509,0.99992347,7.6573684e-05
3510,4.038714e-05,0.9999596
3511,0.9999833,1.6638594e-05
3512,2.8996173e-08,1.0
3513,0.00011193943,0.99988806
3514,9.4076874e-08,0.9999999
3515,3.3256396e-07,0.99999964
3516,5.8272616e-07,0.9999994
3517,8.95661e-06,0.99999106
3518,0.9998241,0.0001759347
3519,1.06535945e-08,1.0
3520,7.1044087e-06,0.99999285
3521,6.521478e-06,0.99999344
3522,4.076387e-05,0.99995923
3523,0.9999999,1.2843036e-07
3524,7.074656e-10,1.0
3525,3.4421937e-05,0.99996555
3526,4.4176326e-10,1.0
3527,1.5046983e-07,0.9999999
3528,8.126177e-08,0.9999999
3529,1.4482685e-08,1.0
3530,2.8695222e-08,1.0
3531,0.9999982,1.7428388e-06
3532,1.9184501e-08,1.0
3533,3.8929476e-05,0.999961
3534,0.9995221,0.0004779762
3535,0.99999964,3.2820645e-07
3536,2.0473148e-09,1.0
3537,6.0084096e-07,0.9999994
3538,0.00037670988,0.9996233
3539,4.249476e-09,1.0
3540,1.8261154e-07,0.99999976
3541,7.193203e-08,0.9999999
3542,6.5650543e-09,1.0
3543,1.9582505e-07,0.99999976
3544,1.0,5.253193e-08
3545,0.9999968,3.1947413e-06
3546,3.6507697e-06,0.9999963
3547,5.2166488e-08,1.0
3548,5.524949e-08,1.0
3549,2.2412937e-10,1.0
3550,3.8614933e-05,0.9999614
3551,9.740468e-05,0.9999026
3552,7.88369e-08,0.9999999
3553,7.4581185e-05,0.9999254
3554,1.32451e-06,0.9999987
3555,8.4297106e-05,0.9999157
3556,0.99982685,0.0001731628
3557,2.887966e-06,0.99999714
3558,0.9998031,0.00019689984
3559,2.0265382e-08,1.0
3560,0.0014920321,0.9985079
3561,1.3298638e-06,0.9999987
3562,0.99979025,0.00020974706
3563,2.4581711e-08,1.0
3564,1.0,8.630276e-09
3565,0.00013372391,0.99986625
3566,6.711837e-09,1.0
3567,6.205594e-06,0.9999938
3568,2.1459615e-08,1.0
3569,1.4382867e-08,1.0
3570,1.0,5.0083887e-08
3571,6.7600704e-06,0.9999932
3572,3.1711918e-06,0.9999968
3573,1.0763582e-06,0.9999989
3574,5.286917e-08,1.0
3575,7.712799e-11,1.0
3576,1.0,5.883541e-09
3577,2.8510932e-08,1.0
3578,0.9999988,1.2015545e-06
3579,0.9999982,1.8025904e-06
3580,1.4139296e-07,0.9999999
3581,4.0683372e-07,0.99999964
3582,1.8474013e-06,0.9999982
3583,1.2861152e-07,0.9999999
3584,2.1965728e-10,1.0
3585,1.6711905e-08,1.0
3586,0.0011168065,0.9988832
3587,7.74843e-09,1.0
3588,0.99911433,0.0008856234
3589,3.7869025e-08,1.0
3590,0.9999447,5.5252738e-05
3591,1.0,2.8975702e-09
3592,8.700158e-06,0.9999913
3593,3.655961e-06,0.9999963
3594,0.9998599,0.00014008977
3595,1.7746286e-06,0.9999982
3596,2.5192586e-09,1.0
3597,0.99999785,2.1390815e-06
3598,7.509552e-08,0.9999999
3599,0.012276705,0.98772335
3600,9.796806e-06,0.9999902
3601,4.108771e-07,0.99999964
3602,0.9999858,1.4155841e-05
3603,0.99995005,5.0001952e-05
3604,1.4992351e-07,0.9999999
3605,0.9999993,7.5749193e-07
3606,8.727195e-09,1.0
3607,1.643906e-06,0.99999833
3608,1.2629513e-06,0.9999987
3609,5.440361e-07,0.9999994
3610,1.0,1.4518502e-08
3611,1.0,6.725619e-11
3612,8.480789e-05,0.99991524
3613,2.5213325e-07,0.99999976
3614,6.7630104e-08,0.9999999
3615,5.608538e-09,1.0
3616,0.016226763,0.98377323
3617,0.99996567,3.4281333e-05
3618,0.0009163517,0.99908364
3619,9.326376e-07,0.99999905
3620,6.916198e-08,0.9999999
3621,1.2851956e-09,1.0
3622,0.00018614676,0.99981385
3623,1.1141301e-08,1.0
3624,1.1729599e-08,1.0
3625,3.7627188e-07,0.99999964
3626,2.5412703e-09,1.0
3627,1.415791e-08,1.0
3628,1.2218647e-08,1.0
3629,2.2766831e-07,0.99999976
3630,1.9691508e-06,0.999998
3631,4.347168e-06,0.9999957
3632,3.0616664e-07,0.99999964
3633,1.3198168e-06,0.9999987
3634,8.818644e-08,0.9999999
3635,1.2972315e-06,0.9999987
3636,0.9999951,4.8504603e-06
3637,3.7228983e-08,1.0
3638,3.371561e-07,0.99999964
3639,1.1341947e-08,1.0
3640,0.99734324,0.002656759
3641,2.1237696e-08,1.0
3642,4.4130644e-08,1.0
3643,0.9998292,0.00017081396
3644,3.0073768e-06,0.999997
3645,2.1763988e-08,1.0
3646,2.0305117e-06,0.999998
3647,0.9999988,1.1414169e-06
3648,3.8087208e-08,1.0
3649,3.7030377e-06,0.9999963
3650,1.046062e-07,0.9999999
3651,0.00026488557,0.99973506
3652,1.0586632e-07,0.9999999
3653,0.9999999,1.06009374e-07
3654,9.956406e-07,0.99999905
3655,5.8776385e-07,0.9999994
3656,0.99999976,2.4458112e-07
3657,0.9999999,1.772219e-07
3658,1.0,2.0269791e-08
3659,5.7084685e-06,0.9999943
3660,3.4158649e-07,0.99999964
3661,1.0,1.4179659e-09
3662,3.7370066e-06,0.9999963
3663,0.99999654,3.404314e-06
3664,1.0,3.24681e-12
3665,0.9999598,4.0183033e-05
3666,4.3584657e-07,0.9999995
3667,1.0,4.0399635e-09
3668,4.063594e-10,1.0
3669,1.1435261e-05,0.99998856
3670,2.5463405e-06,0.9999975
3671,5.5983975e-05,0.999944
3672,3.5897294e-05,0.9999641
3673,5.6502657e-08,1.0
3674,0.9999999,1.6717044e-07
3675,4.3568946e-08,1.0
3676,1.8692221e-08,1.0
3677,0.01653251,0.9834675
3678,5.414579e-07,0.9999994
3679,4.9716885e-08,1.0
3680,0.9999385,6.150509e-05
3681,1.1400246e-08,1.0
3682,1.29375035e-08,1.0
3683,3.3918393e-05,0.999966
3684,4.907966e-09,1.0
3685,0.99999607,3.8947305e-06
3686,1.5448756e-09,1.0
3687,2.067553e-05,0.9999794
3688,2.8980178e-09,1.0
3689,9.9093566e-05,0.99990094
3690,2.9058126e-06,0.99999714
3691,7.357186e-08,0.9999999
3692,2.1927465e-06,0.99999785
3693,1.9391955e-08,1.0
3694,1.566842e-08,1.0
3695,0.0015155886,0.99848443
3696,1.309347e-07,0.9999999
3697,6.529935e-05,0.9999347
3698,5.3727042e-08,1.0
3699,6.3499165e-08,0.9999999
3700,0.999946,5.3965778e-05
3701,9.841415e-07,0.99999905
3702,6.8483774e-07,0.9999993
3703,1.2255565e-09,1.0
3704,1.3666988e-09,1.0
3705,0.9997211,0.0002789135
3706,4.5422857e-07,0.9999995
3707,1.1086075e-09,1.0
3708,1.0,1.1578824e-08
3709,0.9999782,2.1844184e-05
3710,8.373227e-09,1.0
3711,1.7714172e-05,0.99998224
3712,1.4731862e-07,0.9999999
3713,8.4221305e-08,0.9999999
3714,3.447936e-07,0.99999964
3715,3.684694e-08,1.0
3716,6.494466e-07,0.9999994
3717,5.58094e-07,0.9999994
3718,0.9998381,0.000161852
3719,0.9978556,0.0021443877
3720,0.99997306,2.6954336e-05
3721,5.034775e-06,0.999995
3722,1.1594537e-08,1.0
3723,0.005448058,0.99455196
3724,7.818318e-06,0.99999213
3725,4.9357976e-05,0.99995065
3726,5.383866e-05,0.9999461
3727,8.593492e-07,0.99999917
3728,3.114142e-08,1.0
3729,0.9999852,1.47330375e-05
3730,0.9999999,6.8855165e-08
3731,1.0,1.328233e-08
3732,1.0,5.670698e-10
3733,0.9999958,4.1576186e-06
3734,1.0,2.2861326e-09
3735,1.6065451e-06,0.99999845
3736,0.0047893384,0.9952107
3737,0.9999987,1.366312e-06
3738,5.186627e-07,0.9999995
3739,5.7508016e-09,1.0
3740,1.0,5.3493906e-08
3741,4.1820084e-07,0.9999995
3742,4.4625983e-07,0.9999995
3743,1.4946811e-06,0.99999845
3744,4.8977516e-10,1.0
3745,0.00032969035,0.99967027
3746,0.00012646662,0.9998735
3747,5.8671796e-09,1.0
3748,0.09269754,0.90730244
3749,7.189895e-06,0.99999285
3750,4.030556e-06,0.99999595
3751,6.9510314e-08,0.9999999
3752,0.00037726547,0.9996227
3753,5.45192e-09,1.0
3754,1.0382775e-08,1.0
3755,1.0,5.6371485e-10
3756,6.534662e-07,0.9999994
3757,1.873415e-09,1.0
3758,1.6027958e-07,0.9999999
3759,4.981626e-06,0.999995
3760,0.0014879176,0.9985121
3761,0.9999447,5.5252633e-05
3762,7.387591e-06,0.9999926
3763,5.5891105e-05,0.9999441
3764,2.034043e-06,0.999998
3765,0.00052426645,0.9994758
3766,4.1160894e-07,0.99999964
3767,1.1494437e-08,1.0
3768,4.417163e-09,1.0
3769,0.0033602715,0.9966397
3770,0.99999976,2.1636677e-07
3771,0.9988073,0.0011926629
3772,7.978903e-08,0.9999999
3773,6.4057226e-10,1.0
3774,0.9999999,8.993021e-08
3775,4.851913e-07,0.9999995
3776,1.3721637e-08,1.0
3777,1.1969881e-05,0.9999881
3778,4.0300943e-06,0.99999595
3779,4.9128204e-07,0.9999995
3780,1.3526718e-08,1.0
3781,2.9111993e-08,1.0
3782,1.0,4.280626e-12
3783,1.982367e-08,1.0
3784,1.6693288e-06,0.99999833
3785,0.00070959463,0.99929035
3786,1.0,6.00448e-10
3787,0.005494121,0.9945058
3788,0.99981564,0.00018434864
3789,0.99999046,9.505711e-06
3790,0.0020679003,0.9979321
3791,9.957944e-06,0.99999
3792,0.99970895,0.00029103775
3793,4.0336343e-09,1.0
3794,2.9585162e-06,0.999997
3795,0.9999999,8.238401e-08
3796,4.5158217e-07,0.9999995
3797,0.00016522827,0.9998348
3798,3.397584e-06,0.99999654
3799,1.5866914e-11,1.0
3800,0.9999709,2.9047877e-05
3801,2.4298248e-05,0.9999757
3802,9.523205e-06,0.99999046
3803,0.9999976,2.400716e-06
3804,1.9615962e-07,0.99999976
3805,0.9999999,6.748012e-08
3806,1.0,7.2266166e-09
3807,1.3604077e-06,0.9999987
3808,3.2192636e-06,0.9999968
3809,0.99999654,3.4234642e-06
3810,1.0,3.1705305e-10
3811,0.0012576286,0.9987424
3812,1.7520465e-07,0.9999999
3813,5.1115364e-07,0.9999995
3814,3.4647605e-06,0.99999654
3815,6.9014194e-10,1.0
3816,2.1268225e-07,0.99999976
3817,1.1594537e-08,1.0
3818,2.3158704e-07,0.99999976
3819,0.99998474,1.5301384e-05
3820,0.99999964,3.4269456e-07
3821,3.9982332e-08,1.0
3822,0.00023689553,0.9997631
3823,7.505099e-08,0.9999999
3824,7.732592e-08,0.9999999
3825,0.99999976,2.8150146e-07
3826,5.824145e-07,0.9999994
3827,1.8515584e-06,0.9999981
3828,0.99997234,2.7672104e-05
3829,0.9999963,3.6778172e-06
3830,0.00059514045,0.9994049
3831,9.796143e-05,0.999902
3832,1.7331644e-05,0.9999827
3833,7.083382e-09,1.0
3834,1.0389946e-08,1.0
3835,1.537908e-07,0.9999999
3836,6.381831e-05,0.9999362
3837,0.999998,2.0638415e-06
3838,1.0621578e-08,1.0
3839,2.418414e-07,0.99999976
3840,0.9994229,0.00057712203
3841,1.7153136e-05,0.99998283
3842,7.624634e-06,0.9999924
3843,0.9204067,0.07959324
3844,2.2434474e-08,1.0
3845,4.4178982e-08,1.0
3846,0.9916794,0.008320592
3847,1.2924776e-08,1.0
3848,2.9100945e-06,0.99999714
3849,2.4683006e-08,1.0
3850,2.2834638e-06,0.99999774
3851,1.0979434e-08,1.0
3852,0.9999794,2.0567542e-05
3853,2.6150764e-07,0.99999976
3854,2.2778515e-07,0.99999976
3855,1.1079067e-07,0.9999999
3856,1.6919953e-06,0.99999833
3857,4.825946e-08,1.0
3858,1.2809022e-06,0.9999987
3859,2.9953364e-09,1.0
3860,1.0,1.6449992e-11
3861,5.086769e-10,1.0
3862,0.00015596628,0.99984396
3863,0.99997234,2.7702734e-05
3864,1.5248618e-06,0.99999845
3865,0.011911912,0.9880881
3866,1.1332819e-05,0.9999887
3867,0.99999917,8.065505e-07
3868,1.0,5.9371783e-09
3869,0.99988353,0.00011641493
3870,1.0,1.0389346e-09
3871,2.8617322e-09,1.0
3872,9.814402e-09,1.0
3873,0.99999905,1.0025915e-06
3874,4.5501764e-07,0.9999995
3875,1.0,7.866158e-09
3876,3.825014e-07,0.99999964
3877,0.99999726,2.790437e-06
3878,3.9679207e-08,1.0
3879,1.7504215e-07,0.9999999
3880,1.8346161e-06,0.9999982
3881,5.385862e-07,0.9999994
3882,7.958663e-06,0.999992
3883,7.732179e-08,0.9999999
3884,5.2567386e-09,1.0
3885,2.4850134e-08,1.0
3886,3.686729e-10,1.0
3887,4.344356e-08,1.0
3888,0.9992836,0.00071645493
3889,0.9999988,1.1685182e-06
3890,1.0,5.29212e-09
3891,1.0,4.541978e-08
3892,1.62733e-05,0.99998367
3893,0.9999999,1.461312e-07
3894,8.0687664e-07,0.99999917
3895,4.6106687e-09,1.0
3896,4.1190024e-08,1.0
3897,1.5114031e-06,0.99999845
3898,0.9999981,1.919045e-06
3899,1.0084081e-08,1.0
3900,1.3700032e-06,0.9999987
3901,7.357327e-08,0.9999999
3902,3.641732e-06,0.9999963
3903,1.15204074e-07,0.9999999
3904,1.7061323e-08,1.0
3905,4.6163655e-05,0.99995387
3906,3.2209347e-05,0.9999678
3907,7.661919e-05,0.99992335
3908,1.162571e-05,0.9999883
3909,0.00032236183,0.99967766
3910,2.399622e-06,0.9999976
3911,6.636468e-06,0.9999933
3912,0.99994624,5.370907e-05
3913,4.640956e-05,0.9999536
3914,8.2958564e-09,1.0
3915,0.9999999,1.01472345e-07
3916,0.9997807,0.00021932763
3917,3.1627163e-09,1.0
3918,8.526603e-10,1.0
3919,3.300051e-10,1.0
3920,0.9999974,2.6049456e-06
3921,3.392894e-08,1.0
3922,1.4101676e-05,0.99998593
3923,1.0,1.3912826e-09
3924,1.1617111e-09,1.0
3925,6.0669447e-07,0.9999994
3926,2.0717557e-07,0.99999976
3927,0.005123656,0.9948763
3928,0.99984884,0.00015119121
3929,0.99993765,6.2379e-05
3930,0.00029949556,0.99970055
3931,1.068685e-08,1.0
3932,5.2494073e-07,0.9999995
3933,0.99999917,8.033141e-07
3934,1.0,4.184442e-08
3935,3.3781237e-07,0.99999964
3936,0.029883038,0.970117
3937,1.4336274e-06,0.99999857
3938,0.0001104773,0.9998895
3939,0.0002919117,0.9997081
3940,0.9999962,3.830566e-06
3941,0.9999887,1.1347094e-05
3942,1.0,3.253214e-08
3943,5.2042765e-07,0.9999995
3944,4.4600656e-05,0.9999554
3945,1.0,9.445766e-09
3946,5.7351457e-07,0.9999994
3947,0.9999989,1.1239064e-06
3948,0.99999976,1.9153136e-07
3949,5.5262138e-08,1.0
3950,0.9999999,7.222459e-08
3951,0.0002679599,0.9997321
3952,4.475947e-08,1.0
3953,4.481863e-07,0.9999995
3954,0.0024982984,0.9975017
3955,7.600928e-08,0.9999999
3956,0.00076496054,0.99923503
3957,1.0,9.221579e-11
3958,1.532618e-07,0.9999999
3959,1.5482458e-07,0.9999999
3960,4.40198e-10,1.0
3961,2.8886529e-09,1.0
3962,3.4179966e-06,0.99999654
3963,3.7391845e-07,0.99999964
3964,1.0,2.9640513e-12
3965,1.9286521e-05,0.9999807
3966,0.99999964,3.7155e-07
3967,2.7884213e-05,0.9999721
3968,8.78021e-08,0.9999999
3969,1.0,1.2464939e-08
3970,5.679785e-07,0.9999994
3971,5.0828897e-10,1.0
3972,0.99988353,0.000116407384
3973,1.1950339e-06,0.9999988
3974,4.8206653e-06,0.99999523
3975,1.6192875e-07,0.9999999
3976,0.0002236312,0.9997764
3977,5.852464e-05,0.99994147
3978,4.738588e-07,0.9999995
3979,0.00056454155,0.9994355
3980,2.5892298e-08,1.0
3981,9.014299e-08,0.9999999
3982,1.7057115e-06,0.99999833
3983,1.80504e-06,0.9999982
3984,1.0,7.921128e-09
3985,5.653461e-07,0.9999994
3986,7.498596e-05,0.999925
3987,1.06038094e-07,0.9999999
3988,3.774885e-06,0.9999962
3989,1.0547663e-05,0.9999895
3990,7.3010185e-08,0.9999999
3991,5.354924e-07,0.9999995
3992,1.2516045e-07,0.9999999
3993,2.4348024e-08,1.0
3994,2.7409502e-07,0.99999976
3995,0.9999399,6.011262e-05
3996,4.6290346e-08,1.0
3997,2.525739e-07,0.99999976
3998,4.3977502e-10,1.0
3999,0.99999905,1.0041742e-06
4000,8.013392e-07,0.99999917
4001,8.1362266e-08,0.9999999
4002,1.1432929e-06,0.9999988
4003,0.999979,2.1011432e-05
4004,2.6097145e-05,0.9999739
4005,0.9999987,1.2542362e-06
4006,0.025545971,0.97445405
4007,0.9999999,1.5721697e-07
4008,2.300087e-05,0.999977
4009,0.99999344,6.522361e-06
4010,1.0568651e-06,0.9999989
4011,6.1427734e-09,1.0
4012,0.00015981725,0.99984014
4013,1.0,2.6607268e-08
4014,1.8796175e-07,0.99999976
4015,3.42639e-07,0.99999964
4016,1.9156878e-06,0.9999981
4017,0.99999857,1.3804242e-06
4018,3.1521537e-05,0.9999685
4019,2.4642537e-09,1.0
4020,4.3054106e-06,0.9999957
4021,1.1426102e-09,1.0
4022,1.878024e-06,0.9999981
4023,0.9999709,2.911194e-05
4024,1.0,5.733024e-10
4025,0.0001267693,0.99987316
4026,2.1172902e-08,1.0
4027,3.860243e-09,1.0
4028,2.72813e-07,0.99999976
4029,5.8313173e-05,0.9999417
4030,9.128159e-09,1.0
4031,3.1919942e-06,0.9999968
4032,0.99977237,0.00022758954
4033,2.8130657e-06,0.99999714
4034,8.304698e-06,0.99999166
4035,2.6365586e-05,0.99997365
4036,6.578755e-09,1.0
4037,9.5250115e-08,0.9999999
4038,0.0007128189,0.9992872
4039,6.302821e-07,0.9999994
4040,4.0246116e-05,0.9999597
4041,0.00024360396,0.9997564
4042,6.4321025e-06,0.99999356
4043,3.0370117e-07,0.99999964
4044,2.5134509e-07,0.99999976
4045,1.4024313e-07,0.9999999
4046,0.99999833,1.6293376e-06
4047,6.358558e-08,0.9999999
4048,9.617713e-05,0.9999038
4049,9.255601e-08,0.9999999
4050,2.5600052e-06,0.9999975
4051,7.801196e-08,0.9999999
4052,3.101331e-09,1.0
4053,0.99970907,0.00029095702
4054,0.999925,7.4973446e-05
4055,3.6664527e-08,1.0
4056,1.2915536e-05,0.9999871
4057,5.1183933e-06,0.9999949
4058,2.0712136e-05,0.99997926
4059,2.013255e-07,0.99999976
4060,2.3320008e-09,1.0
4061,0.9999943,5.7331727e-06
4062,7.503238e-07,0.9999993
4063,2.4129042e-06,0.9999976
4064,4.347183e-07,0.9999995
4065,4.133983e-06,0.9999958
4066,0.0004363019,0.99956363
4067,0.9999981,1.8725945e-06
4068,4.6543907e-08,1.0
4069,7.65315e-09,1.0
4070,7.455157e-10,1.0
4071,1.0,9.625855e-10
4072,0.010010068,0.9899899
4073,4.5913624e-05,0.9999541
4074,0.9999598,4.0201205e-05
4075,4.480252e-08,1.0
4076,3.1451762e-08,1.0
4077,5.2591537e-07,0.9999995
4078,4.814514e-06,0.99999523
4079,0.999998,1.9901825e-06
4080,0.00016702073,0.999833
4081,3.9396223e-06,0.99999607
4082,2.0634114e-09,1.0
4083,1.4782705e-05,0.9999852
4084,3.6241808e-11,1.0
4085,7.880424e-09,1.0
4086,5.3634762e-06,0.99999464
4087,9.658728e-06,0.99999034
4088,7.954472e-05,0.9999205
4089,1.993141e-09,1.0
4090,9.18363e-05,0.9999082
4091,0.9997601,0.0002399059
4092,1.4142371e-07,0.9999999
4093,1.1433415e-07,0.9999999
4094,1.6322679e-07,0.9999999
4095,1.18482095e-08,1.0
4096,8.100516e-09,1.0
4097,2.0619613e-07,0.99999976
4098,7.856205e-08,0.9999999
4099,0.99999905,9.884918e-07
4100,2.0275746e-08,1.0
4101,3.84207e-09,1.0
4102,8.325951e-05,0.9999168
4103,0.9999987,1.336038e-06
4104,2.6673934e-08,1.0
4105,4.005825e-07,0.99999964
4106,1.1961846e-05,0.9999881
4107,7.548656e-08,0.9999999
4108,0.00013478915,0.9998652
4109,0.99999976,2.4187648e-07
4110,4.834763e-08,1.0
4111,6.590316e-05,0.9999341
4112,3.8255297e-09,1.0
4113,0.00013126791,0.99986875
4114,3.166876e-06,0.9999968
4115,4.9399e-08,1.0
4116,0.99999976,2.6295888e-07
4117,9.589425e-06,0.99999046
4118,2.0124903e-06,0.999998
4119,0.0018488624,0.9981511
4120,0.9999964,3.6220763e-06
4121,1.0427456e-05,0.9999896
4122,9.553902e-07,0.99999905
4123,5.385714e-08,1.0
4124,0.9999964,3.610027e-06
4125,0.99999046,9.502829e-06
4126,5.1909524e-07,0.9999995
4127,2.054502e-05,0.9999795
4128,5.4098024e-09,1.0
4129,0.9998784,0.000121627454
4130,7.069028e-05,0.9999293
4131,5.409454e-07,0.9999994
4132,8.2070085e-07,0.99999917
4133,2.0073635e-07,0.99999976
4134,1.0,3.908727e-09
4135,6.1666244e-05,0.99993837
4136,5.532726e-10,1.0
4137,1.5572951e-06,0.99999845
4138,0.9994425,0.00055746495
4139,1.0,5.717245e-10
4140,0.99999845,1.5076442e-06
4141,5.6489636e-05,0.9999435
4142,8.052011e-08,0.9999999
4143,5.3208796e-06,0.99999464
4144,0.99999976,1.8892248e-07
4145,0.008001185,0.99199885
4146,0.9985568,0.0014431715
4147,1.2398145e-08,1.0
4148,0.0001976532,0.9998024
4149,1.0261874e-07,0.9999999
4150,1.5170657e-05,0.99998486
4151,7.386433e-08,0.9999999
4152,2.3572379e-07,0.99999976
4153,0.9999994,6.097322e-07
4154,5.7482936e-08,1.0
4155,0.0069067087,0.99309325
4156,2.9237196e-08,1.0
4157,1.4072989e-06,0.99999857
4158,0.9999993,6.904809e-07
4159,1.542273e-06,0.99999845
4160,9.965364e-07,0.99999905
4161,1.8811794e-07,0.99999976
4162,0.00180317,0.9981969
4163,2.2408687e-05,0.9999776
4164,0.99982893,0.00017106923
4165,3.2516573e-07,0.99999964
4166,8.779302e-09,1.0
4167,3.9019326e-07,0.99999964
4168,2.3735286e-08,1.0
4169,6.2945736e-07,0.9999994
4170,2.2240396e-09,1.0
4171,2.0476757e-07,0.99999976
4172,4.117155e-06,0.9999958
4173,1.0,1.8479375e-09
4174,3.0385414e-07,0.99999964
4175,6.7934303e-07,0.9999993
4176,7.2000907e-09,1.0
4177,0.99799734,0.002002646
4178,6.0014107e-05,0.99994004
4179,4.9467332e-09,1.0
4180,0.0018243497,0.9981756
4181,2.2457378e-08,1.0
4182,2.8201302e-06,0.99999714
4183,2.4059013e-10,1.0
4184,7.517133e-07,0.9999993
4185,3.0987185e-06,0.9999969
4186,1.0,1.9915383e-08
4187,0.0009838354,0.99901617
4188,6.944684e-08,0.9999999
4189,0.021824587,0.9781754
4190,0.00021649596,0.9997836
4191,5.8828647e-07,0.9999994
4192,4.0220357e-08,1.0
4193,9.774807e-07,0.99999905
4194,1.506111e-06,0.99999845
4195,0.9999335,6.6515335e-05
4196,1.9596254e-07,0.99999976
4197,0.99707615,0.00292391
4198,1.8516996e-08,1.0
4199,0.99999774,2.2311463e-06
4200,1.9655712e-08,1.0
4201,4.425419e-06,0.9999956
4202,2.9664777e-06,0.999997
4203,1.9264093e-07,0.99999976
4204,0.99997354,2.6510508e-05
4205,0.9999989,1.0241748e-06
4206,1.9180578e-05,0.9999808
4207,0.9999988,1.2427749e-06
4208,3.091932e-06,0.9999969
4209,8.130283e-07,0.99999917
4210,4.747168e-08,1.0
4211,1.0,5.6472164e-08
4212,7.72089e-08,0.9999999
4213,2.2110247e-07,0.99999976
4214,1.2493114e-05,0.9999875
4215,1.6657072e-08,1.0
4216,2.806635e-07,0.99999976
4217,1.5305368e-05,0.99998474
4218,2.1685812e-05,0.9999783
4219,9.882287e-09,1.0
4220,1.0,4.281729e-08
4221,6.159741e-05,0.99993837
4222,0.00035988138,0.9996401
4223,0.99997985,2.017103e-05
4224,1.2817867e-07,0.9999999
4225,3.4429653e-05,0.99996555
4226,3.1451427e-06,0.9999969
4227,0.00010883805,0.99989116
4228,0.005158683,0.9948413
4229,5.3761795e-08,1.0
4230,3.0802731e-09,1.0
4231,0.99596304,0.0040369504
4232,5.8923424e-06,0.99999416
4233,1.9739856e-07,0.99999976
4234,8.822564e-08,0.9999999
4235,7.939961e-07,0.99999917
4236,3.5531605e-07,0.99999964
4237,1.2285675e-07,0.9999999
4238,0.99938774,0.0006122371
4239,2.9593261e-06,0.999997
4240,2.542521e-06,0.9999975
4241,2.162648e-08,1.0
4242,4.5196995e-08,1.0
4243,1.0,2.4197469e-08
4244,1.0,5.85624e-11
4245,7.9548285e-05,0.9999205
4246,0.9999939,6.130596e-06
4247,0.014077333,0.9859227
4248,2.5133566e-08,1.0
4249,1.013387e-07,0.9999999
4250,4.1178653e-05,0.9999589
4251,0.9999974,2.6032892e-06
4252,6.129059e-08,0.9999999
4253,0.9999987,1.2946682e-06
4254,1.325394e-07,0.9999999
4255,6.758046e-08,0.9999999
4256,1.0,1.7237891e-08
4257,3.98664e-07,0.99999964
4258,8.188786e-08,0.9999999
4259,4.5351828e-07,0.9999995
4260,1.7911361e-10,1.0
4261,0.000968154,0.9990319
4262,1.0,2.429009e-08
4263,0.9999999,1.5136071e-07
4264,3.6018082e-06,0.9999964
4265,1.3511679e-05,0.9999865
4266,4.3279742e-06,0.9999957
4267,1.0,1.0197847e-09
4268,2.0311452e-06,0.999998
4269,1.1449051e-07,0.9999999
4270,0.9999956,4.403523e-06
4271,2.2560457e-08,1.0
4272,8.839087e-08,0.9999999
4273,1.0259745e-05,0.99998975
4274,0.0010917624,0.9989083
4275,6.12233e-08,0.9999999
4276,1.8678607e-08,1.0
4277,1.0,1.1100146e-09
4278,6.3770074e-08,0.9999999
4279,0.99999964,3.1351925e-07
4280,1.1894972e-07,0.9999999
4281,0.99999714,2.8600912e-06
4282,2.6038595e-08,1.0
4283,2.600123e-07,0.99999976
4284,3.9406453e-07,0.99999964
4285,0.9999999,6.6197664e-08
4286,8.59225e-06,0.9999914
4287,2.9738908e-06,0.999997
4288,0.99999857,1.4577377e-06
4289,7.1594735e-09,1.0
4290,1.582944e-05,0.99998415
4291,1.0966941e-05,0.99998903
4292,1.6733535e-06,0.99999833
4293,7.25662e-08,0.9999999
4294,2.3646433e-07,0.99999976
4295,2.2599131e-08,1.0
4296,0.9999995,4.1830654e-07
4297,1.0,1.9303184e-10
4298,0.00017056771,0.9998294
4299,0.99996066,3.9364877e-05
4300,1.0113244e-08,1.0
4301,1.6363732e-07,0.9999999
4302,5.894557e-07,0.9999994
4303,1.0,1.6169858e-08
4304,1.8837982e-06,0.9999981
4305,2.3732939e-07,0.99999976
4306,1.1866352e-07,0.9999999
4307,0.9999999,1.4796109e-07
4308,2.3710478e-09,1.0
4309,3.4635737e-05,0.9999653
4310,0.9999759,2.4111027e-05
4311,0.9999995,4.953317e-07
4312,3.0267973e-09,1.0
4313,8.6938215e-08,0.9999999
4314,1.8664132e-06,0.9999981
4315,0.99999833,1.6582236e-06
4316,1.16646575e-07,0.9999999
4317,2.6797006e-10,1.0
4318,0.99999905,9.470878e-07
4319,1.1811378e-05,0.9999882
4320,1.0,1.178952e-10
4321,7.777462e-10,1.0
4322,1.0365461e-08,1.0
4323,1.0797036e-08,1.0
4324,0.006552251,0.9934477
4325,2.5816018e-06,0.9999974
4326,1.9166964e-06,0.9999981
4327,1.07627244e-07,0.9999999
4328,1.2401496e-09,1.0
4329,1.0,7.3942595e-11
4330,5.750783e-08,1.0
4331,1.1310835e-05,0.9999887
4332,4.7522843e-09,1.0
4333,1.197629e-07,0.9999999
4334,1.0,4.2845393e-08
4335,0.99999416,5.8340565e-06
4336,3.05091e-06,0.9999969
4337,0.9999467,5.3337502e-05
4338,0.00024462945,0.9997553
4339,3.051167e-07,0.99999964
4340,1.8400673e-06,0.9999982
4341,2.6252712e-07,0.99999976
4342,4.576842e-07,0.9999995
4343,1.52572e-07,0.9999999
4344,0.00012050385,0.9998795
4345,1.564089e-08,1.0
4346,9.573849e-07,0.99999905
4347,2.9777516e-07,0.99999976
4348,1.8504709e-08,1.0
4349,0.9999701,2.99655e-05
4350,6.4804854e-06,0.99999356
4351,2.599444e-05,0.999974
4352,0.99996734,3.2676708e-05
4353,2.2595734e-07,0.99999976
4354,7.712169e-07,0.9999993
4355,1.7347335e-05,0.9999826
4356,0.9999999,9.605321e-08
4357,4.1710737e-06,0.9999958
4358,1.2829057e-09,1.0
4359,2.134236e-06,0.99999785
4360,2.9359242e-08,1.0
4361,1.6472111e-06,0.99999833
4362,1.0906123e-06,0.9999989
4363,3.5361737e-07,0.99999964
4364,2.6237797e-07,0.99999976
4365,4.0937507e-06,0.99999595
4366,0.9994299,0.0005700336
4367,7.210044e-05,0.9999279
4368,2.7482554e-06,0.99999726
4369,1.2934761e-06,0.9999987
4370,1.8412612e-07,0.99999976
4371,6.416777e-10,1.0
4372,3.63952e-07,0.99999964
4373,4.4935355e-06,0.99999547
4374,4.2227022e-08,1.0
4375,0.0004898921,0.99951005
4376,1.5380825e-05,0.9999846
4377,1.1277922e-08,1.0
4378,0.9999989,1.1114007e-06
4379,0.99921954,0.00078050775
4380,5.8139503e-06,0.99999416
4381,6.827451e-07,0.9999993
4382,2.3311557e-09,1.0
4383,0.0011911063,0.99880886
4384,2.4398974e-05,0.99997556
4385,4.498199e-08,1.0
4386,1.1920428e-08,1.0
4387,2.2194767e-08,1.0
4388,1.06393345e-05,0.9999894
4389,2.2986679e-07,0.99999976
4390,2.2648396e-07,0.99999976
4391,5.2172333e-09,1.0
4392,8.477888e-10,1.0
4393,5.1735256e-08,1.0
4394,0.99999976,1.9861314e-07
4395,2.2365857e-08,1.0
4396,0.9999982,1.8453411e-06
4397,1.0167273e-05,0.99998987
4398,1.2091217e-06,0.9999988
4399,0.99949014,0.0005098291
4400,0.025320629,0.97467935
4401,5.1867755e-07,0.9999995
4402,5.733238e-08,1.0
4403,6.4151086e-06,0.99999356
4404,0.9999801,1.996385e-05
4405,3.357846e-08,1.0
4406,4.1039802e-06,0.99999595
4407,0.99999905,9.964983e-07
4408,2.0037315e-07,0.99999976
4409,0.9999809,1.9025272e-05
4410,0.99999857,1.4377376e-06
4411,0.9999999,7.072666e-08
4412,1.0,2.1088828e-08
4413,1.3571925e-07,0.9999999
4414,5.121056e-07,0.9999995
4415,1.13173385e-07,0.9999999
4416,1.0307872e-08,1.0
4417,4.7021445e-09,1.0
4418,1.6886553e-06,0.99999833
4419,0.99990356,9.6449075e-05
4420,2.8004536e-07,0.99999976
4421,1.0,1.4595328e-08
4422,3.1494864e-08,1.0
4423,1.18054195e-05,0.9999882
4424,0.9999995,4.505167e-07
4425,2.6245757e-09,1.0
4426,4.0395425e-05,0.9999596
4427,9.577548e-09,1.0
4428,0.99989593,0.00010406655
4429,8.748828e-09,1.0
4430,0.9995846,0.00041537237
4431,0.9999987,1.2566055e-06
4432,2.0734294e-08,1.0
4433,8.201336e-07,0.99999917
4434,4.276438e-09,1.0
4435,0.99964607,0.00035393983
4436,0.9999963,3.7058817e-06
4437,6.371473e-09,1.0
4438,1.638286e-07,0.9999999
4439,1.852558e-08,1.0
4440,6.3634786e-10,1.0
4441,2.623029e-06,0.9999974
4442,1.1962566e-05,0.9999881
4443,1.0230933e-08,1.0
4444,0.99999857,1.4501074e-06
4445,0.9999615,3.8508475e-05
4446,1.8020062e-07,0.99999976
4447,1.2447434e-07,0.9999999
4448,0.00022380312,0.9997762
4449,2.5521316e-09,1.0
4450,0.9999999,6.272611e-08
4451,0.9999782,2.1841934e-05
4452,8.826089e-06,0.9999912
4453,0.0032663518,0.99673367
4454,3.5960976e-09,1.0
4455,1.7630716e-06,0.9999982
4456,5.8185268e-08,1.0
4457,2.0663801e-06,0.999998
4458,2.32187e-07,0.99999976
4459,1.2744726e-08,1.0
4460,2.6446372e-08,1.0
4461,1.6196842e-06,0.99999833
4462,0.99815553,0.0018444607
4463,8.840081e-05,0.99991155
4464,0.013158866,0.9868412
4465,2.6132511e-05,0.9999739
4466,7.683877e-05,0.9999231
4467,0.001313453,0.9986865
4468,7.9956743e-07,0.99999917
4469,3.2778816e-10,1.0
4470,6.293438e-05,0.99993706
4471,1.0,7.628797e-09
4472,7.8489265e-08,0.9999999
4473,3.592738e-09,1.0
4474,5.50659e-07,0.9999994
4475,0.00024195331,0.99975806
4476,1.0730727e-07,0.9999999
4477,2.3149528e-06,0.99999774
4478,0.00018880052,0.99981123
4479,0.99999976,2.9159128e-07
4480,2.2850395e-08,1.0
4481,5.792505e-08,1.0
4482,3.100457e-08,1.0
4483,0.999995,4.996075e-06
4484,1.0121854e-07,0.9999999
4485,8.370559e-09,1.0
4486,0.9999918,8.270192e-06
4487,0.00016870374,0.9998313
4488,1.0,1.3601836e-10
4489,2.320025e-06,0.99999774
4490,2.2318422e-06,0.99999774
4491,1.5044472e-07,0.9999999
4492,2.15909e-09,1.0
4493,1.5464292e-06,0.99999845
4494,9.816839e-08,0.9999999
4495,1.16348495e-07,0.9999999
4496,0.9999715,2.8524142e-05
4497,0.00014302251,0.99985695
4498,3.7678825e-07,0.99999964
4499,8.133107e-08,0.9999999
4500,0.9999993,6.62588e-07
4501,1.1879072e-06,0.9999988
4502,7.5584104e-08,0.9999999
4503,5.5944965e-05,0.9999441
4504,4.9560526e-07,0.9999995
4505,2.342422e-10,1.0
4506,0.00021985063,0.9997801
4507,0.9999387,6.1243e-05
4508,1.0,3.7067505e-08
4509,1.8399827e-08,1.0
4510,1.1041955e-08,1.0
4511,3.5566256e-06,0.9999964
4512,1.6322679e-07,0.9999999
4513,1.1347422e-08,1.0
4514,2.3992095e-07,0.99999976
4515,1.4671636e-08,1.0
4516,1.3369503e-09,1.0
4517,0.9999846,1.5407471e-05
4518,0.00027043506,0.9997296
4519,1.6900246e-06,0.99999833
4520,2.2870567e-07,0.99999976
4521,5.7894445e-05,0.99994206
4522,1.7655488e-09,1.0
4523,2.1688567e-08,1.0
4524,3.2725444e-07,0.99999964
4525,7.1808763e-09,1.0
4526,7.889705e-07,0.99999917
4527,0.99998343,1.6517964e-05
4528,2.2564288e-08,1.0
4529,0.9999771,2.2902332e-05
4530,6.308101e-08,0.9999999
4531,1.7545698e-07,0.9999999
4532,0.9999927,7.331199e-06
4533,2.7940857e-07,0.99999976
4534,7.4103224e-07,0.9999993
4535,3.5947528e-06,0.9999964
4536,7.9926386e-09,1.0
4537,4.8613925e-05,0.99995136
4538,0.007308726,0.99269134
4539,0.99999845,1.6065635e-06
4540,0.99998856,1.1444665e-05
4541,5.922147e-09,1.0
4542,8.597562e-06,0.9999914
4543,7.491881e-09,1.0
4544,0.9999658,3.427114e-05
4545,7.755188e-09,1.0
4546,4.9337084e-10,1.0
4547,3.3813605e-09,1.0
4548,1.0,6.0023533e-09
4549,5.2528325e-08,1.0
4550,1.0572059e-08,1.0
4551,6.60648e-06,0.99999344
4552,1.0,2.5078116e-08
4553,3.5325365e-07,0.99999964
4554,1.1310298e-06,0.9999989
4555,1.09019986e-07,0.9999999
4556,7.752869e-08,0.9999999
4557,7.6773496e-08,0.9999999
4558,5.9026797e-06,0.99999404
4559,2.3577556e-06,0.9999976
4560,0.99999833,1.6470383e-06
4561,5.0298704e-06,0.999995
4562,3.3670028e-06,0.99999666
4563,2.1715794e-09,1.0
4564,0.9998573,0.00014270646
4565,0.035232052,0.96476793
4566,3.4180161e-06,0.99999654
4567,0.99999845,1.5588078e-06
4568,0.99998415,1.5885213e-05
4569,2.1262649e-07,0.99999976
4570,1.5913484e-07,0.9999999
4571,1.0,9.800554e-10
4572,4.2000447e-06,0.9999958
4573,0.99972457,0.00027539907
4574,2.0086077e-06,0.999998
4575,9.892368e-07,0.99999905
4576,5.6997203e-07,0.9999994
4577,0.9999993,7.5898515e-07
4578,0.9999924,7.59535e-06
4579,1.1404796e-07,0.9999999
4580,7.6685455e-07,0.9999993
4581,6.353576e-08,0.9999999
4582,1.8294446e-06,0.9999982
4583,3.2169265e-07,0.99999964
4584,1.8124483e-08,1.0
4585,3.9996448e-07,0.99999964
4586,0.99999726,2.7390815e-06
4587,2.4098199e-05,0.9999759
4588,0.00036423412,0.9996357
4589,1.6171771e-08,1.0
4590,3.0296041e-09,1.0
4591,5.0887234e-06,0.9999949
4592,4.3017312e-07,0.9999995
4593,5.329549e-09,1.0
4594,3.808997e-08,1.0
4595,6.123591e-08,0.9999999
4596,1.8319988e-06,0.9999982
4597,6.707859e-07,0.9999993
4598,0.9999988,1.1956528e-06
4599,1.0,8.018822e-10
4600,1.1332534e-07,0.9999999
4601,0.5737684,0.42623165
4602,8.086893e-07,0.99999917
4603,0.99999917,7.8775406e-07
4604,7.413461e-08,0.9999999
4605,3.5742491e-06,0.9999964
4606,3.7838597e-06,0.9999962
4607,1.7640301e-05,0.99998236
4608,1.0,5.3736677e-08
4609,1.4218013e-08,1.0
4610,4.6051086e-06,0.99999535
4611,0.00013982234,0.99986017
4612,1.0,1.2406489e-09
4613,1.9282412e-08,1.0
4614,9.0012164e-10,1.0
4615,0.99994445,5.5526136e-05
4616,1.1010581e-07,0.9999999
4617,2.82246e-08,1.0
4618,1.2097505e-08,1.0
4619,5.241308e-10,1.0
4620,2.947714e-07,0.99999976
4621,0.9999956,4.4001436e-06
4622,2.2109514e-05,0.99997795
4623,9.7879905e-08,0.9999999
4624,0.0003103929,0.9996896
4625,0.00064191024,0.9993581
4626,2.7884744e-07,0.99999976
4627,0.00019070423,0.9998093
4628,1.0,6.92855e-10
4629,5.3204585e-06,0.99999464
4630,1.6232567e-05,0.9999838
4631,2.4238447e-05,0.9999758
4632,8.462631e-06,0.99999154
4633,1.00963025e-08,1.0
4634,1.5378213e-06,0.99999845
4635,1.7107627e-08,1.0
4636,1.2129621e-08,1.0
4637,5.0634263e-08,1.0
4638,8.341472e-06,0.99999166
4639,0.00026357156,0.99973637
4640,1.19804895e-08,1.0
4641,0.0018983217,0.99810165
4642,4.4777075e-06,0.99999547
4643,0.99997556,2.441762e-05
4644,0.001025277,0.9989748
4645,5.254937e-07,0.9999995
4646,8.811437e-07,0.99999917
4647,1.5075186e-08,1.0
4648,3.1228433e-06,0.9999969
4649,5.1918978e-05,0.999948
4650,6.7425e-06,0.9999932
4651,0.9999962,3.849988e-06
4652,2.6538143e-07,0.99999976
4653,3.072888e-05,0.99996924
4654,2.1562006e-07,0.99999976
4655,1.6291459e-08,1.0
4656,1.7424462e-08,1.0
4657,5.941384e-08,1.0
4658,0.99611914,0.003880873
4659,0.00073452527,0.9992655
4660,1.0,1.3188331e-10
4661,5.2592864e-06,0.99999475
4662,0.0009882711,0.99901175
4663,1.6755886e-05,0.9999832
4664,5.415467e-05,0.9999459
4665,1.6109487e-05,0.9999839
4666,3.4228244e-06,0.99999654
4667,7.325247e-08,0.9999999
4668,3.418788e-07,0.99999964
4669,7.0142655e-06,0.99999297
4670,6.85427e-05,0.99993145
4671,2.686646e-06,0.99999726
4672,0.9998466,0.00015337246
4673,8.9259146e-08,0.9999999
4674,1.1172876e-09,1.0
4675,5.0824104e-07,0.9999995
4676,1.6544596e-09,1.0
4677,2.9069046e-08,1.0
4678,0.999902,9.792565e-05
4679,1.0,1.0830243e-08
4680,0.0002489727,0.99975103
4681,3.0463832e-06,0.9999969
4682,0.99999976,1.8535746e-07
4683,1.5359585e-07,0.9999999
4684,0.9987639,0.0012360687
4685,1.5013951e-08,1.0
4686,7.138066e-09,1.0
4687,6.3937513e-09,1.0
4688,0.9999999,1.1861883e-07
4689,4.246519e-06,0.9999957
4690,6.8098024e-07,0.9999993
4691,4.968579e-08,1.0
4692,5.0091337e-08,1.0
4693,6.697412e-09,1.0
4694,4.738931e-10,1.0
4695,4.1156705e-09,1.0
4696,8.881146e-05,0.9999112
4697,3.8998007e-08,1.0
4698,1.0,6.1055814e-09
4699,2.2952291e-09,1.0
4700,1.003996e-08,1.0
4701,9.1394224e-07,0.99999905
4702,0.9999999,1.0055237e-07
4703,5.0898655e-07,0.9999995
4704,0.00018183199,0.99981815
4705,1.7634026e-08,1.0
4706,0.9998543,0.00014567091
4707,3.093782e-08,1.0
