0,0.081527345,0.91847265
1,7.576222e-05,0.9999242
2,0.00044129937,0.9995586
3,3.7672678e-06,0.9999962
4,8.489982e-05,0.9999151
5,0.9996013,0.00039868237
6,1.2437113e-05,0.9999876
7,0.9996532,0.0003468225
8,0.00019247126,0.99980754
9,5.3310752e-05,0.9999467
10,0.045326274,0.9546737
11,0.30187634,0.6981237
12,2.2493901e-05,0.99997747
13,3.7959894e-06,0.9999962
14,8.5592146e-05,0.9999144
15,0.9999012,9.887081e-05
16,2.3017064e-05,0.999977
17,0.99999726,2.7819424e-06
18,0.9999989,1.0860092e-06
19,0.0037444455,0.9962555
20,0.99857867,0.0014213881
21,0.00013688291,0.99986315
22,7.612875e-05,0.9999238
23,0.0006395007,0.9993605
24,0.9570447,0.042955335
25,0.0051085018,0.9948915
26,0.0026121223,0.99738795
27,1.9287807e-05,0.9999807
28,8.923217e-05,0.9999107
29,0.00026265244,0.9997373
30,0.00010221677,0.9998977
31,2.8348146e-05,0.9999716
32,0.9999993,6.7976816e-07
33,0.0014425246,0.9985575
34,0.00035557093,0.9996444
35,2.44623e-05,0.99997556
36,0.003287244,0.9967128
37,0.00079760695,0.99920243
38,0.9986681,0.0013318805
39,8.061106e-07,0.99999917
40,0.00031275864,0.9996873
41,5.8421633e-06,0.99999416
42,3.0491816e-05,0.9999695
43,3.496262e-05,0.9999651
44,1.8870614e-05,0.99998116
45,3.0263425e-06,0.999997
46,0.02527289,0.97472715
47,0.0016686638,0.99833137
48,0.00012923797,0.9998708
49,0.0059752017,0.9940248
50,0.00048490058,0.99951506
51,0.0014552382,0.9985448
52,0.006434983,0.993565
53,6.109833e-05,0.99993885
54,9.513638e-06,0.99999046
55,0.9999914,8.55907e-06
56,0.0035332814,0.99646676
57,5.8974067e-05,0.999941
58,0.00080767216,0.9991923
59,0.0020904455,0.9979095
60,4.0930594e-05,0.9999591
61,3.4596953e-05,0.9999654
62,0.982764,0.01723599
63,1.7047602e-06,0.99999833
64,1.0050469e-05,0.99999
65,8.2190645e-08,0.9999999
66,0.002115784,0.9978842
67,0.93796074,0.06203924
68,0.9999999,9.8448524e-08
69,6.075114e-07,0.9999994
70,0.009819024,0.99018097
71,0.011003098,0.98899686
72,0.9968252,0.0031747553
73,0.0034813855,0.9965186
74,0.0014239637,0.99857605
75,0.9999995,4.4985424e-07
76,2.2266517e-05,0.9999777
77,8.027728e-06,0.999992
78,0.9999993,7.39269e-07
79,5.2492596e-05,0.99994755
80,0.00034768152,0.99965227
81,1.9328425e-06,0.9999981
82,7.082753e-05,0.9999292
83,9.86067e-05,0.9999014
84,0.0022800982,0.9977198
85,0.03714621,0.9628537
86,0.999892,0.00010793586
87,0.00018443499,0.99981564
88,3.2635315e-05,0.99996734
89,0.012483314,0.9875167
90,0.00017904589,0.999821
91,0.0011663807,0.9988336
92,0.0044858293,0.9955142
93,0.022291703,0.9777083
94,0.9999995,4.6267223e-07
95,4.123669e-05,0.99995875
96,6.6520224e-05,0.9999335
97,1.2915999e-06,0.9999987
98,0.018006735,0.9819933
99,0.0015276871,0.9984723
100,0.0012698674,0.9987301
101,0.0021366419,0.99786335
102,2.9115722e-07,0.99999976
103,0.00027188854,0.99972814
104,0.99989915,0.00010085393
105,1.7114948e-05,0.99998283
106,3.34226e-05,0.9999666
107,0.1256377,0.87436235
108,9.981352e-06,0.99999
109,5.1016017e-05,0.999949
110,6.378837e-05,0.9999362
111,0.99999964,3.5575954e-07
112,5.8726127e-05,0.99994123
113,0.001965838,0.9980342
114,0.0009594868,0.99904054
115,0.99999976,2.7837527e-07
116,0.00023477829,0.9997652
117,2.3216937e-06,0.99999774
118,2.4502597e-05,0.99997544
119,0.99968684,0.0003131408
120,0.00010165077,0.9998983
121,0.0010719494,0.998928
122,0.0018484647,0.9981515
123,4.2269435e-06,0.9999958
124,0.9992094,0.0007905693
125,0.009178191,0.99082184
126,0.0011501637,0.99884987
127,0.9999943,5.683047e-06
128,0.9995308,0.00046923742
129,0.00012453206,0.9998754
130,8.165874e-05,0.99991834
131,0.9999995,4.4473458e-07
132,0.43742365,0.56257635
133,0.9999964,3.5581625e-06
134,0.00013614976,0.99986386
135,0.00034212085,0.99965787
136,0.0021527072,0.9978473
137,0.9999999,1.0642489e-07
138,0.111755066,0.8882449
139,0.0038274713,0.9961725
140,8.8149845e-06,0.9999912
141,3.5697485e-05,0.99996436
142,3.3289667e-05,0.99996674
143,0.010324235,0.9896758
144,0.00020337987,0.9997967
145,0.00014010475,0.9998599
146,0.001777645,0.9982223
147,0.9949077,0.0050923578
148,1.8340706e-05,0.99998164
149,1.4572179e-06,0.99999857
150,0.007542639,0.9924574
151,9.019262e-05,0.99990976
152,1.6200565e-06,0.99999833
153,0.07121065,0.9287893
154,0.07248753,0.92751247
155,8.916889e-05,0.99991083
156,6.120961e-05,0.99993885
157,0.99996483,3.521056e-05
158,3.0727397e-06,0.9999969
159,0.9921341,0.007865848
160,8.763728e-06,0.9999912
161,0.006819775,0.9931803
162,0.0006775012,0.99932253
163,0.0017660494,0.9982339
164,4.0983592e-05,0.999959
165,0.36395797,0.636042
166,5.6838548e-05,0.99994314
167,0.012358081,0.98764193
168,0.007843356,0.9921566
169,0.0020992914,0.9979007
170,0.9986557,0.001344277
171,0.00014469851,0.9998553
172,2.0726602e-06,0.999998
173,0.00013700826,0.999863
174,0.9999784,2.1621265e-05
175,0.0031670535,0.9968329
176,0.99997723,2.2784412e-05
177,0.0013869756,0.998613
178,1.0991881e-05,0.99998903
179,5.421828e-05,0.99994576
180,0.9993598,0.00064022397
181,7.087336e-06,0.99999297
182,1.0303713e-05,0.99998975
183,0.9999945,5.46486e-06
184,0.99999547,4.5415118e-06
185,6.3744205e-06,0.9999937
186,2.8939574e-05,0.99997103
187,0.9999831,1.6976435e-05
188,0.004609933,0.99539006
189,0.00030730476,0.9996927
190,2.9441919e-05,0.99997056
191,0.9999895,1.0498139e-05
192,2.8673156e-07,0.99999976
193,0.0074079884,0.9925921
194,0.99988806,0.00011188212
195,5.499558e-05,0.99994504
196,0.9999982,1.7781778e-06
197,0.019734815,0.98026526
198,0.00023933497,0.9997607
199,1.1264141e-06,0.9999989
200,0.9998747,0.00012528768
201,0.02613692,0.97386307
202,0.00064350705,0.99935645
203,0.0004845116,0.99951553
204,0.013609507,0.9863905
205,0.07321903,0.926781
206,0.999998,2.075002e-06
207,7.043485e-06,0.99999297
208,0.07026532,0.92973465
209,8.4684005e-05,0.99991536
210,0.0014492866,0.9985507
211,0.9656333,0.034366746
212,0.0014040505,0.9985959
213,0.00034314528,0.9996569
214,1.2756475e-05,0.99998724
215,0.9999646,3.5441593e-05
216,0.002255348,0.9977447
217,0.99998736,1.26012965e-05
218,0.9999387,6.1264385e-05
219,0.00039480065,0.99960524
220,2.207913e-05,0.99997795
221,0.0006078352,0.99939215
222,0.0007906404,0.9992093
223,2.9036604e-05,0.9999709
224,0.9999796,2.0368778e-05
225,0.0019524018,0.9980476
226,0.0003835157,0.9996165
227,1.0441576e-05,0.9999895
228,4.146141e-05,0.9999585
229,0.0045482507,0.99545175
230,6.8325194e-06,0.9999932
231,6.791206e-05,0.99993205
232,0.023900285,0.9760997
233,0.99946934,0.0005306355
234,0.99924076,0.0007592907
235,2.3305905e-05,0.99997663
236,0.9999995,5.1332654e-07
237,1.0,6.4826313e-09
238,0.9997297,0.00027027217
239,6.9043085e-06,0.9999931
240,1.8124175e-06,0.9999982
241,0.00015156809,0.99984837
242,0.99999297,7.0779006e-06
243,0.9999832,1.6866637e-05
244,0.00025672873,0.9997433
245,0.0016845673,0.99831545
246,8.921487e-06,0.99999106
247,0.2192,0.78080004
248,0.0010530996,0.99894696
249,0.00118674,0.9988133
250,2.3445162e-05,0.9999765
251,0.4722964,0.5277036
252,0.00017960194,0.9998204
253,0.010890555,0.9891095
254,0.99942905,0.0005709567
255,0.99999714,2.9127211e-06
256,1.327645e-05,0.99998677
257,0.0001320489,0.9998679
258,0.9976083,0.0023916261
259,0.00011006763,0.99988997
260,8.493414e-05,0.999915
261,0.0011648206,0.99883515
262,0.99999964,3.3737675e-07
263,0.99989307,0.00010689622
264,1.3362787e-05,0.99998665
265,0.00060260855,0.9993974
266,0.9998154,0.00018465264
267,1.4412065e-05,0.9999856
268,7.7624645e-06,0.99999225
269,0.14872248,0.85127753
270,0.9999995,4.9800025e-07
271,5.72424e-06,0.9999943
272,0.0005932407,0.9994068
273,0.00018915314,0.9998109
274,0.00042369062,0.9995763
275,0.9999584,4.1557683e-05
276,0.99901986,0.0009801124
277,0.99984384,0.0001561008
278,0.0049223,0.99507767
279,0.9730521,0.02694791
280,0.005501687,0.9944983
281,0.9999579,4.2025324e-05
282,1.7852208e-06,0.9999982
283,0.99999976,1.9183263e-07
284,0.00010399662,0.99989605
285,0.022573499,0.9774265
286,2.23671e-07,0.99999976
287,0.022879956,0.97712004
288,3.9354018e-06,0.99999607
289,0.012235869,0.9877642
290,0.0005780835,0.99942195
291,0.0073861163,0.9926139
292,0.002203678,0.9977963
293,5.485271e-06,0.9999945
294,0.012457922,0.9875421
295,0.08823281,0.9117672
296,2.2324477e-05,0.9999777
297,9.0620146e-05,0.9999094
298,0.00024322937,0.99975675
299,1.0694857e-05,0.9999893
300,0.9999945,5.4645475e-06
301,0.9999994,5.7480077e-07
302,6.284196e-05,0.9999372
303,0.99870825,0.0012918052
304,0.9999989,1.0793351e-06
305,9.773159e-06,0.9999902
306,0.007015761,0.9929843
307,0.0016260643,0.99837387
308,4.106491e-07,0.99999964
309,0.9999894,1.0604315e-05
310,0.00018686948,0.99981314
311,7.4889635e-05,0.99992514
312,7.074012e-05,0.9999293
313,1.8321669e-05,0.99998164
314,0.9995851,0.00041496853
315,0.999949,5.0994324e-05
316,0.002586275,0.9974137
317,0.9999428,5.7200406e-05
318,3.6603535e-05,0.9999634
319,0.99923515,0.0007648885
320,0.00015517209,0.9998448
321,0.0002767346,0.99972326
322,0.0037634075,0.9962366
323,1.8238457e-06,0.9999982
324,2.6846817e-06,0.99999726
325,6.524912e-06,0.99999344
326,0.99999845,1.5364536e-06
327,0.0005082912,0.9994917
328,0.002892949,0.9971071
329,0.99987483,0.00012516146
330,4.3539226e-06,0.9999956
331,9.858146e-06,0.9999901
332,8.142874e-05,0.9999186
333,0.9999999,5.996394e-08
334,0.00029080085,0.9997092
335,0.00020517976,0.9997948
336,1.549021e-05,0.9999845
337,7.2862413e-06,0.9999927
338,7.4248586e-05,0.99992573
339,0.00024200107,0.99975795
340,0.052588675,0.9474113
341,0.006443183,0.9935568
342,0.0004104557,0.9995895
343,0.0330011,0.9669989
344,0.16061936,0.8393806
345,2.4104156e-06,0.9999976
346,0.99990726,9.274125e-05
347,2.4192605e-05,0.9999758
348,4.9196415e-06,0.9999951
349,0.9999963,3.713782e-06
350,0.99823344,0.001766558
351,4.9676953e-05,0.9999503
352,0.99999714,2.870527e-06
353,0.0010657503,0.9989342
354,1.9862898e-06,0.999998
355,0.0010178161,0.99898213
356,0.00011494883,0.9998851
357,0.0017729781,0.99822706
358,0.999972,2.8012468e-05
359,0.99935144,0.00064850086
360,2.8254467e-06,0.99999714
361,1.8718496e-05,0.9999813
362,0.99710673,0.0028932788
363,0.0019924205,0.9980076
364,0.99980825,0.00019178135
365,0.00023211005,0.99976784
366,0.0021841282,0.99781585
367,0.99999666,3.2843266e-06
368,0.99998367,1.6352531e-05
369,0.99995387,4.6190296e-05
370,0.0014195848,0.99858046
371,1.1373172e-06,0.9999988
372,4.0005816e-06,0.99999595
373,0.004702481,0.9952975
374,4.3385764e-05,0.9999566
375,0.99999833,1.6150923e-06
376,0.00023626396,0.9997638
377,0.00019090872,0.9998091
378,0.01890345,0.98109657
379,0.9999993,7.594529e-07
380,0.001462662,0.9985373
381,0.00015243105,0.99984753
382,0.9941577,0.005842323
383,0.00015458107,0.9998454
384,0.99909735,0.0009027103
385,0.0011191198,0.9988809
386,0.006636547,0.9933635
387,0.008818512,0.9911815
388,0.9999964,3.5556454e-06
389,0.9984124,0.0015875568
390,0.12077879,0.8792212
391,0.9995303,0.00046972526
392,0.00021653538,0.99978346
393,0.021214109,0.9787859
394,5.6565314e-06,0.9999944
395,1.105072e-05,0.9999889
396,1.0,2.2008358e-08
397,0.0053281705,0.9946719
398,0.00017995539,0.99982005
399,0.00910095,0.99089897
400,3.7343605e-05,0.9999627
401,8.1729166e-05,0.9999182
402,9.169419e-05,0.9999083
403,0.00018827594,0.9998117
404,0.001827957,0.99817204
405,4.3224994e-05,0.9999567
406,0.0008333407,0.9991667
407,1.0594682e-05,0.9999894
408,8.431681e-06,0.99999154
409,0.00039259868,0.9996074
410,0.05221356,0.9477865
411,2.8087714e-05,0.99997187
412,0.99997926,2.0736823e-05
413,0.0014822854,0.9985177
414,0.00014737682,0.99985266
415,0.9999988,1.1597787e-06
416,4.3288865e-06,0.9999957
417,4.2351323e-05,0.9999577
418,0.00015682033,0.9998431
419,0.042380482,0.9576195
420,1.206393e-06,0.9999988
421,0.9960763,0.0039236434
422,0.112264745,0.88773525
423,5.6008805e-05,0.999944
424,0.0040273066,0.9959727
425,0.999961,3.900614e-05
426,0.9911731,0.008826872
427,0.00012322149,0.99987674
428,0.9999995,4.7256583e-07
429,0.00013624546,0.99986374
430,7.240575e-07,0.9999993
431,0.0002866359,0.99971336
432,0.00011420207,0.9998858
433,6.933903e-05,0.9999306
434,0.9958984,0.004101524
435,0.9999547,4.534396e-05
436,0.0032114857,0.9967885
437,7.00531e-05,0.9999299
438,0.037351243,0.96264875
439,0.9997038,0.00029620496
440,0.00039465952,0.99960536
441,0.99999905,1.003775e-06
442,0.15767387,0.8423261
443,0.99923813,0.00076191744
444,0.0009436175,0.9990564
445,3.278167e-05,0.9999672
446,0.99999607,3.9852252e-06
447,0.0009426236,0.99905735
448,0.002660217,0.9973398
449,0.09049495,0.90950507
450,0.9999945,5.5345645e-06
451,0.9999919,8.147552e-06
452,7.02991e-05,0.99992967
453,0.9996799,0.00032012092
454,0.99947566,0.00052435766
455,0.00019086104,0.9998092
456,4.9646555e-05,0.9999504
457,0.00074885774,0.99925107
458,0.0012579388,0.99874204
459,1.7415532e-07,0.9999999
460,4.932537e-05,0.99995065
461,8.470083e-06,0.99999154
462,0.00038681037,0.9996132
463,0.10002027,0.89997965
464,0.00021735739,0.9997826
465,6.95729e-05,0.9999304
466,0.003974089,0.9960259
467,0.0027838196,0.9972161
468,0.9981674,0.0018325974
469,3.4328543e-05,0.99996567
470,7.932453e-06,0.999992
471,2.7035194e-06,0.99999726
472,0.9999583,4.1693922e-05
473,6.8792e-05,0.9999312
474,0.99997973,2.0213045e-05
475,0.05193542,0.94806457
476,0.99999726,2.6895352e-06
477,0.99886465,0.0011353851
478,1.8032688e-05,0.999982
479,0.99994266,5.7304744e-05
480,0.99995196,4.8030815e-05
481,5.9080794e-05,0.9999409
482,0.00025060476,0.99974936
483,0.99999547,4.5693505e-06
484,0.0001904787,0.99980956
485,4.4123375e-05,0.9999559
486,0.019618968,0.9803811
487,0.00011025819,0.99988973
488,5.6626577e-05,0.9999434
489,0.008836139,0.99116385
490,1.4031824e-05,0.99998593
491,2.9076978e-06,0.99999714
492,0.99941874,0.00058124866
493,0.99998546,1.4581935e-05
494,0.015642349,0.9843576
495,0.99998486,1.5139497e-05
496,0.00091126305,0.99908876
497,8.9181136e-05,0.99991083
498,0.00069894275,0.9993011
499,2.8822155e-06,0.99999714
500,7.072164e-05,0.9999293
501,4.3145806e-06,0.9999957
502,0.04993189,0.95006806
503,0.00033052938,0.99966943
504,0.097475104,0.9025249
505,4.4611377e-05,0.9999554
506,0.001636448,0.99836355
507,3.3557084e-05,0.9999664
508,0.16408585,0.83591413
509,0.0025559112,0.99744415
510,0.9999672,3.281886e-05
511,0.00015956265,0.9998404
512,0.9999546,4.543681e-05
513,0.9979067,0.0020933684
514,0.928747,0.071253076
515,0.029621856,0.9703782
516,5.6257613e-05,0.99994373
517,0.9999926,7.4287723e-06
518,0.0046749306,0.9953251
519,0.00025500424,0.99974495
520,2.2833963e-06,0.99999774
521,1.0,7.3394397e-09
522,0.9999821,1.7922433e-05
523,0.0007255715,0.99927443
524,0.99999046,9.533656e-06
525,0.0017711796,0.99822885
526,0.0049632485,0.9950368
527,0.9999527,4.736342e-05
528,9.793515e-07,0.99999905
529,2.4564037e-05,0.99997544
530,0.07795958,0.92204034
531,0.05526383,0.9447361
532,0.0020438586,0.99795616
533,4.552991e-06,0.99999547
534,0.9976483,0.0023517502
535,2.488223e-05,0.9999751
536,0.004626577,0.9953734
537,1.653486e-05,0.99998343
538,1.152676e-05,0.99998844
539,1.64625e-05,0.99998355
540,0.99832803,0.0016720115
541,0.00061263517,0.9993874
542,4.1789094e-06,0.9999958
543,0.9991885,0.00081151404
544,0.9998178,0.00018219574
545,0.05785763,0.9421424
546,2.3786943e-05,0.99997616
547,0.013127577,0.98687243
548,0.0018693641,0.9981306
549,0.9999969,3.1368422e-06
550,0.99665976,0.0033402548
551,2.2520175e-05,0.99997747
552,0.9999987,1.2645108e-06
553,0.0011512833,0.9988487
554,0.0010475159,0.9989525
555,0.99999094,9.075593e-06
556,1.1293029e-05,0.9999887
557,6.598075e-05,0.99993396
558,0.0027145415,0.9972855
559,0.99999917,8.349991e-07
560,3.6710117e-05,0.9999633
561,0.999673,0.00032706006
562,0.0005195618,0.9994804
563,0.00016216404,0.99983776
564,0.9999995,5.011504e-07
565,0.99999976,2.9479247e-07
566,0.98706853,0.0129313925
567,8.437584e-06,0.99999154
568,0.006218112,0.99378186
569,8.754481e-05,0.9999125
570,3.4822664e-05,0.9999652
571,0.99999166,8.372626e-06
572,0.003110163,0.9968899
573,0.0008672159,0.9991328
574,0.0004514051,0.9995486
575,0.00023189968,0.9997681
576,9.403224e-06,0.9999906
577,0.0013178268,0.9986822
578,2.4656132e-05,0.9999753
579,4.630873e-06,0.99999535
580,0.01757122,0.98242885
581,0.99915206,0.0008478832
582,0.99993825,6.174804e-05
583,4.983062e-07,0.9999995
584,5.1007246e-06,0.9999949
585,0.21550001,0.78449994
586,0.0010313131,0.9989687
587,0.0111738155,0.98882616
588,0.018716823,0.9812832
589,0.99999976,2.6055693e-07
590,0.23407933,0.76592064
591,8.164781e-06,0.9999919
592,0.0003305344,0.99966943
593,0.9994242,0.0005757819
594,0.99906415,0.0009358717
595,0.9999999,1.10303816e-07
596,0.0010354838,0.99896455
597,0.9843226,0.015677433
598,9.227606e-06,0.9999908
599,0.27255023,0.7274498
600,0.9999751,2.4896592e-05
601,3.393106e-06,0.99999666
602,0.0014459208,0.99855405
603,0.9999223,7.770858e-05
604,0.9997987,0.00020125808
605,0.007999202,0.9920008
606,0.9828293,0.017170746
607,4.267737e-05,0.9999573
608,0.9995178,0.00048226444
609,0.9999931,6.925728e-06
610,4.9001406e-05,0.999951
611,0.00045054528,0.99954945
612,0.040985286,0.9590147
613,2.3039117e-06,0.99999774
614,0.0033379348,0.99666214
615,2.806608e-05,0.999972
616,0.036628284,0.9633717
617,0.99999976,2.569581e-07
618,9.828302e-07,0.99999905
619,4.2699385e-06,0.9999957
620,0.99995124,4.879269e-05
621,0.9996567,0.00034334548
622,1.4464693e-05,0.9999856
623,0.00020209879,0.9997979
624,1.8166267e-05,0.9999819
625,1.0097112e-06,0.99999905
626,0.9999993,6.8519245e-07
627,7.5374766e-07,0.9999993
628,0.00031155304,0.9996885
629,3.7337657e-05,0.9999627
630,0.9999863,1.372338e-05
631,2.8238338e-07,0.99999976
632,0.0001418366,0.99985814
633,0.007547695,0.9924523
634,1.6840046e-07,0.9999999
635,0.00018534323,0.9998147
636,0.00015081772,0.9998492
637,0.00079663243,0.9992034
638,0.9925519,0.007448041
639,9.8127384e-05,0.9999019
640,0.9999527,4.7276957e-05
641,0.001929181,0.9980709
642,0.03778605,0.96221393
643,3.2405853e-06,0.9999968
644,0.0028100489,0.99718994
645,6.5613535e-06,0.99999344
646,0.008814108,0.99118584
647,0.00922366,0.99077636
648,0.00015354337,0.99984646
649,1.3905162e-06,0.99999857
650,0.9999753,2.4657706e-05
651,5.7283214e-05,0.99994266
652,0.052625444,0.9473746
653,0.013181553,0.98681843
654,0.9999604,3.9625287e-05
655,0.0065092016,0.9934908
656,2.7452796e-07,0.99999976
657,0.01097618,0.9890238
658,2.5841837e-05,0.99997413
659,0.014351054,0.985649
660,3.47578e-05,0.9999652
661,1.2634235e-06,0.9999987
662,0.025283616,0.97471637
663,0.9999925,7.547312e-06
664,0.00012872719,0.99987125
665,0.9999666,3.3416767e-05
666,0.00025264808,0.99974734
667,0.14434323,0.85565674
668,0.00035096382,0.99964905
669,0.99999905,9.2229703e-07
670,0.99545336,0.004546647
671,2.7540511e-06,0.99999726
672,0.293011,0.706989
673,0.003422746,0.9965772
674,0.00046649066,0.99953353
675,0.9997837,0.00021633522
676,0.00048146243,0.9995185
677,0.9991437,0.00085631915
678,0.9999888,1.1245528e-05
679,0.99949694,0.00050308235
680,6.130097e-05,0.9999387
681,0.001115477,0.9988845
682,3.647335e-06,0.9999963
683,0.99988484,0.00011514124
684,0.0003643288,0.9996357
685,0.99999535,4.6124755e-06
686,1.0,2.015329e-08
687,0.9999813,1.8660872e-05
688,0.0003354275,0.99966455
689,0.9997917,0.0002082781
690,3.5355777e-05,0.9999646
691,0.00019979905,0.99980026
692,0.02348303,0.97651696
693,0.9999665,3.3537446e-05
694,1.8681225e-05,0.9999813
695,7.1335076e-06,0.99999285
696,0.084641635,0.9153584
697,6.298289e-05,0.99993706
698,9.184961e-05,0.9999081
699,0.034381393,0.9656186
700,0.9976082,0.0023917924
701,0.020297952,0.9797021
702,0.9982723,0.0017276633
703,0.9999528,4.714864e-05
704,8.774383e-06,0.9999912
705,0.005230084,0.9947699
706,0.00017770786,0.9998223
707,3.3709115e-05,0.99996626
708,0.0002783946,0.9997216
709,0.014439354,0.9855606
710,8.485213e-05,0.9999151
711,0.000830002,0.99917006
712,0.00052941975,0.99947065
713,5.5057393e-05,0.9999449
714,0.00047104325,0.999529
715,0.99978095,0.00021910315
716,0.9999995,4.7404907e-07
717,7.3858e-05,0.9999261
718,0.001786744,0.9982133
719,0.00066759245,0.99933237
720,6.796082e-06,0.9999932
721,0.019481221,0.9805188
722,6.581408e-06,0.99999344
723,0.9946584,0.005341619
724,0.0052850577,0.9947149
725,0.99998415,1.5890575e-05
726,1.7875183e-05,0.9999821
727,0.99994934,5.0707735e-05
728,0.99992657,7.3382296e-05
729,0.004331533,0.9956684
730,0.12514043,0.8748595
731,5.4112545e-05,0.9999459
732,0.12080975,0.8791902
733,0.00086910196,0.9991309
734,6.295136e-05,0.99993706
735,7.742946e-06,0.99999225
736,1.2009866e-05,0.99998796
737,5.6706444e-06,0.9999943
738,9.71498e-06,0.99999034
739,0.00033062647,0.99966943
740,1.7285112e-05,0.9999827
741,0.99997056,2.9437933e-05
742,0.0018637725,0.99813616
743,2.257591e-05,0.99997747
744,0.00091899704,0.999081
745,0.0005655888,0.9994344
746,2.1723901e-05,0.9999783
747,0.0028122494,0.9971878
748,2.586343e-06,0.9999974
749,0.004222828,0.99577713
750,0.03055054,0.9694494
751,0.9999994,5.915862e-07
752,5.9502463e-07,0.9999994
753,0.0036489882,0.996351
754,1.4522301e-05,0.99998546
755,0.005714248,0.99428576
756,0.0003947175,0.99960536
757,0.016389498,0.9836105
758,0.9999993,7.5285396e-07
759,8.5113725e-06,0.99999154
760,1.9209865e-05,0.9999808
761,0.9999994,6.0778495e-07
762,0.9999958,4.1757744e-06
763,0.018484334,0.98151565
764,0.999997,2.9434682e-06
765,0.12878047,0.8712196
766,3.2314198e-05,0.9999677
767,8.592171e-05,0.99991405
768,0.077430256,0.9225697
769,0.9997968,0.00020319823
770,5.5844016e-06,0.9999944
771,0.00072984473,0.99927014
772,4.3480904e-05,0.9999565
773,0.9999908,9.2378905e-06
774,3.0455448e-07,0.99999964
775,3.0236364e-05,0.9999697
776,0.99954563,0.00045436312
777,0.0006410656,0.99935895
778,2.437791e-07,0.99999976
779,2.4145631e-05,0.9999758
780,4.6522375e-05,0.9999535
781,9.0504574e-07,0.99999905
782,5.3812844e-05,0.99994624
783,0.99999964,3.429558e-07
784,0.9947536,0.0052463636
785,1.7690336e-05,0.99998236
786,0.9999838,1.6155118e-05
787,7.843063e-05,0.99992156
788,0.019028297,0.9809717
789,4.0507325e-06,0.99999595
790,3.8076932e-06,0.9999962
791,0.0904819,0.90951806
792,3.8270023e-06,0.9999962
793,0.4431552,0.5568448
794,0.0002333914,0.99976665
795,0.99999964,3.5004666e-07
796,0.0013873131,0.99861264
797,0.00017948655,0.99982053
798,0.99993825,6.174415e-05
799,0.9998691,0.00013085786
800,0.99999845,1.4948293e-06
801,0.10085929,0.8991407
802,0.00015351467,0.99984646
803,1.7099208e-05,0.99998295
804,1.5706975e-05,0.99998426
805,2.4303172e-06,0.9999976
806,1.9324295e-06,0.9999981
807,1.694016e-05,0.9999831
808,0.99999976,2.1572475e-07
809,2.6073094e-06,0.9999974
810,4.947538e-07,0.9999995
811,0.075560145,0.9244399
812,3.9263596e-06,0.99999607
813,0.0002760726,0.99972385
814,0.00015318596,0.9998468
815,0.00054395443,0.999456
816,0.0020440863,0.9979559
817,0.9999999,1.0703295e-07
818,0.0030948191,0.99690515
819,2.5206548e-06,0.9999975
820,0.9999987,1.3025646e-06
821,5.5096105e-05,0.9999449
822,0.9999994,5.8365106e-07
823,0.00047054735,0.9995295
824,0.00072627916,0.9992737
825,4.933398e-05,0.99995065
826,1.4610641e-06,0.99999857
827,0.00039851846,0.99960154
828,0.0050766356,0.9949234
829,0.0013179753,0.99868196
830,0.00033116053,0.99966884
831,0.0003407097,0.9996593
832,0.056887448,0.94311255
833,0.0021797004,0.99782026
834,9.349269e-06,0.9999907
835,0.00016820403,0.9998318
836,0.004375086,0.99562496
837,2.9252478e-05,0.9999708
838,0.99999475,5.2979076e-06
839,9.926391e-06,0.9999901
840,0.0010962344,0.99890375
841,0.0019529223,0.9980471
842,0.9999958,4.1544317e-06
843,0.027848128,0.9721519
844,0.999619,0.00038090826
845,0.0008703785,0.9991296
846,8.5845227e-07,0.99999917
847,0.00018380665,0.99981624
848,0.0008492197,0.99915075
849,0.997886,0.0021139875
850,0.99998,2.008063e-05
851,0.0001053355,0.9998946
852,2.7765362e-05,0.9999722
853,0.0010936717,0.9989064
854,0.00085334614,0.9991467
855,0.0058788694,0.99412113
856,0.00012346319,0.9998765
857,1.13845535e-05,0.99998856
858,0.999841,0.00015905016
859,0.9999691,3.090807e-05
860,0.00023168663,0.9997683
861,5.841372e-06,0.99999416
862,0.00013129345,0.99986863
863,0.0008726739,0.9991273
864,0.012206144,0.98779386
865,3.3259425e-05,0.99996674
866,0.00025669739,0.9997433
867,1.6768674e-05,0.9999832
868,0.0067884848,0.9932115
869,0.00043910602,0.9995609
870,0.024969947,0.97503006
871,2.0762744e-05,0.99997926
872,1.9648047e-05,0.99998033
873,0.9999347,6.537823e-05
874,0.9999993,6.8466403e-07
875,4.2590514e-06,0.9999957
876,0.9984212,0.0015788032
877,0.003022564,0.99697745
878,0.9998123,0.0001877147
879,0.023826027,0.976174
880,1.1315288e-07,0.9999999
881,6.9777434e-06,0.99999297
882,0.005411361,0.9945886
883,0.009408375,0.9905916
884,0.22683448,0.7731655
885,0.001381055,0.99861896
886,0.9999213,7.8650526e-05
887,0.02926325,0.97073674
888,0.99994886,5.1108636e-05
889,7.4165723e-07,0.9999993
890,0.0026185215,0.9973815
891,0.99999666,3.3251429e-06
892,0.999998,1.9966672e-06
893,0.9997322,0.00026780536
894,0.9903566,0.009643357
895,3.4779198e-06,0.99999654
896,0.9999448,5.5176497e-05
897,0.99865216,0.001347882
898,0.0002176606,0.9997824
899,2.3680584e-06,0.9999976
900,0.9988237,0.0011762662
901,0.00025127997,0.99974877
902,0.00080696977,0.999193
903,5.33323e-06,0.99999464
904,7.5678827e-06,0.9999925
905,8.502205e-06,0.99999154
906,0.9999851,1.4952564e-05
907,0.0022773014,0.9977227
908,1.9949557e-05,0.9999801
909,0.0021357455,0.9978643
910,1.7809998e-05,0.99998224
911,0.008744656,0.9912553
912,9.83408e-06,0.9999902
913,0.99999917,7.851994e-07
914,0.99999976,2.432037e-07
915,1.0,6.07049e-09
916,2.4628841e-06,0.9999975
917,0.0011289164,0.998871
918,2.2752796e-05,0.99997723
919,0.9998739,0.00012609092
920,4.8545964e-05,0.9999515
921,1.430957e-05,0.9999857
922,0.39212963,0.60787034
923,1.15439e-05,0.99998844
924,0.00048238854,0.99951756
925,4.6702356e-05,0.99995327
926,4.753029e-05,0.99995244
927,0.0015191864,0.99848086
928,0.9998047,0.00019536524
929,0.98816526,0.011834755
930,0.0010757687,0.9989242
931,0.9999902,9.742348e-06
932,0.010679591,0.9893204
933,0.0003181809,0.99968183
934,0.010047211,0.98995274
935,0.03527696,0.964723
936,0.9990752,0.0009247573
937,0.0001405128,0.99985945
938,0.63162744,0.36837256
939,4.577949e-05,0.9999542
940,0.00030299593,0.9996971
941,0.9999924,7.6631095e-06
942,4.022214e-05,0.9999598
943,0.08659604,0.913404
944,1.0,1.0782528e-08
945,7.350977e-05,0.99992645
946,1.9339523e-06,0.9999981
947,0.99999666,3.2792782e-06
948,1.1600726e-05,0.99998844
949,0.0012183366,0.9987816
950,0.041598026,0.958402
951,4.6829e-06,0.99999535
952,0.00013572484,0.9998642
953,0.19783737,0.80216265
954,0.00059950876,0.9994005
955,0.99997675,2.3219605e-05
956,6.944882e-06,0.9999931
957,0.9999827,1.7291939e-05
958,0.00012300244,0.999877
959,5.454811e-06,0.9999945
960,0.01127607,0.988724
961,2.3330088e-06,0.9999976
962,0.00012586617,0.9998741
963,0.009922295,0.99007773
964,0.99999833,1.6721347e-06
965,0.00011478201,0.9998852
966,0.99966896,0.00033107153
967,1.2903988e-05,0.9999871
968,1.8649256e-05,0.9999814
969,0.012217463,0.98778254
970,0.00037508976,0.99962485
971,0.99997354,2.6458529e-05
972,0.005676819,0.99432325
973,0.0013377775,0.99866223
974,0.9999995,5.278061e-07
975,2.579068e-05,0.99997425
976,2.5327079e-06,0.9999975
977,0.00010569793,0.99989426
978,0.00018001377,0.99982005
979,0.00036942353,0.9996306
980,0.00019628949,0.9998037
981,0.9988977,0.0011022735
982,0.99998045,1.9500967e-05
983,0.0023682276,0.9976318
984,0.9999993,7.184893e-07
985,0.013166663,0.9868333
986,8.875812e-05,0.9999112
987,0.13164866,0.86835134
988,3.056647e-05,0.9999695
989,0.9999924,7.6340775e-06
990,0.005503013,0.994497
991,7.5784915e-06,0.9999924
992,0.00015042434,0.99984956
993,2.7955034e-06,0.99999726
994,9.333825e-05,0.99990666
995,0.9999975,2.5569432e-06
996,0.99999964,3.781021e-07
997,0.9992931,0.0007069315
998,0.00010580562,0.99989414
999,0.0007515778,0.99924845
1000,0.00016812867,0.9998318
1001,0.9958326,0.0041674436
1002,0.0005098831,0.99949014
1003,1.663239e-05,0.9999833
1004,0.9992773,0.00072274444
1005,0.03022411,0.9697759
1006,0.99999285,7.192405e-06
1007,9.670676e-05,0.9999033
1008,0.00025114563,0.9997489
1009,0.012826418,0.98717356
1010,0.0023254869,0.9976745
1011,1.503808e-05,0.999985
1012,0.040559303,0.9594407
1013,5.420835e-05,0.99994576
1014,0.12747851,0.87252146
1015,0.9999968,3.2709142e-06
1016,0.12079671,0.8792033
1017,8.5449265e-08,0.9999999
1018,0.00026562254,0.99973434
1019,0.00027653546,0.9997235
1020,0.088181615,0.9118184
1021,0.99928075,0.00071929
1022,0.00018567276,0.99981433
1023,0.99942136,0.0005787195
1024,0.002547199,0.9974528
1025,2.3727585e-05,0.9999763
1026,0.9998307,0.00016926721
1027,4.8377515e-06,0.9999951
1028,0.99999607,3.875778e-06
1029,5.6746314e-05,0.99994326
1030,0.9999373,6.2752915e-05
1031,9.190495e-08,0.9999999
1032,1.1246086e-05,0.9999888
1033,0.9999989,1.0976901e-06
1034,6.0361002e-05,0.9999397
1035,0.999998,2.038255e-06
1036,0.00022838275,0.99977165
1037,0.999445,0.00055502006
1038,0.9999995,4.4852925e-07
1039,0.00031274164,0.9996873
1040,4.4592816e-06,0.9999956
1041,1.1472662e-05,0.99998856
1042,0.0031695298,0.9968305
1043,3.2389787e-06,0.9999968
1044,0.9997892,0.00021087402
1045,1.9517265e-05,0.99998045
1046,0.9999461,5.3897224e-05
1047,0.0003310693,0.99966896
1048,0.0005918609,0.9994081
1049,0.0001813541,0.9998186
1050,0.00033617538,0.99966383
1051,0.00018310294,0.99981695
1052,0.9999465,5.3562948e-05
1053,3.2617063e-06,0.9999968
1054,0.999943,5.6942e-05
1055,0.9999001,9.9916506e-05
1056,6.462619e-06,0.99999356
1057,0.00024721332,0.9997528
1058,0.0022410313,0.997759
1059,0.9999559,4.4101038e-05
1060,2.7162316e-05,0.9999728
1061,0.0033505284,0.99664944
1062,1.1089561e-05,0.9999889
1063,0.999503,0.0004970183
1064,0.001306067,0.998694
1065,0.050282206,0.94971776
1066,3.2252134e-05,0.9999677
1067,2.3061426e-05,0.999977
1068,0.99799794,0.0020020925
1069,0.99999714,2.8335717e-06
1070,0.00034037157,0.99965966
1071,0.0005240654,0.999476
1072,9.861357e-05,0.9999014
1073,0.00063868816,0.99936134
1074,0.99999225,7.76613e-06
1075,0.00093147,0.99906856
1076,0.99956244,0.00043749387
1077,0.99998295,1.7079781e-05
1078,0.98364866,0.016351353
1079,0.9999819,1.8084214e-05
1080,0.035036705,0.96496326
1081,0.00012445763,0.99987555
1082,1.1878519e-05,0.9999881
1083,0.9999999,9.832524e-08
1084,1.7809607e-05,0.99998224
1085,0.025336115,0.97466385
1086,0.00038450662,0.99961543
1087,1.9730154e-05,0.9999802
1088,6.74677e-05,0.9999325
1089,7.6524367e-07,0.9999993
1090,0.9994942,0.00050583517
1091,9.350954e-06,0.9999907
1092,9.2816794e-05,0.99990714
1093,0.00020283353,0.99979717
1094,4.4347795e-05,0.99995565
1095,7.045628e-06,0.99999297
1096,1.3691999e-06,0.9999987
1097,0.99999964,4.1087867e-07
1098,0.9990833,0.0009167504
1099,6.6123735e-05,0.99993384
1100,0.0052174716,0.9947825
1101,0.00011724154,0.9998827
1102,0.00019855303,0.99980146
1103,8.317951e-05,0.9999168
1104,0.9998976,0.00010243906
1105,1.0,2.6078208e-08
1106,2.459422e-06,0.9999975
1107,0.9999589,4.1171585e-05
1108,0.00029166605,0.99970835
1109,0.0010681082,0.9989318
1110,0.9968273,0.0031726586
1111,0.99990773,9.224125e-05
1112,0.99961877,0.0003811885
1113,0.028771378,0.9712286
1114,0.9999993,6.5820205e-07
1115,8.6123175e-05,0.9999138
1116,0.9999988,1.1330302e-06
1117,0.99992657,7.3477044e-05
1118,0.0072267433,0.99277323
1119,0.00012004968,0.99987996
1120,0.036577623,0.96342236
1121,3.46123e-06,0.99999654
1122,6.702349e-06,0.9999933
1123,0.00013530477,0.9998647
1124,4.4190285e-05,0.9999558
1125,1.1907556e-05,0.9999881
1126,0.0055857785,0.9944142
1127,0.010530274,0.98946977
1128,0.00019578573,0.9998042
1129,1.4774085e-06,0.99999857
1130,0.029789975,0.9702101
1131,0.04697831,0.95302165
1132,0.006126665,0.99387336
1133,0.0005597664,0.99944025
1134,0.000108214124,0.99989176
1135,0.103756875,0.8962431
1136,3.8566873e-06,0.9999962
1137,0.0006588974,0.9993411
1138,4.238409e-05,0.99995756
1139,5.9413745e-05,0.99994063
1140,0.007472199,0.99252784
1141,0.9999994,5.648735e-07
1142,0.010115996,0.989884
1143,0.00010246562,0.9998975
1144,3.0307094e-06,0.999997
1145,0.6079395,0.39206052
1146,0.0013455143,0.9986545
1147,4.8370503e-06,0.9999951
1148,0.9999999,6.2326e-08
1149,0.99715495,0.002845034
1150,0.0017322032,0.99826777
1151,2.224283e-05,0.9999777
1152,0.99999404,5.90116e-06
1153,0.0008136317,0.99918634
1154,0.004699958,0.99530005
1155,0.00066014135,0.9993399
1156,0.99999523,4.8239767e-06
1157,0.9957235,0.0042764843
1158,2.866682e-05,0.9999714
1159,1.9070521e-05,0.9999809
1160,0.0001549707,0.999845
1161,1.6434185e-05,0.99998355
1162,8.971228e-06,0.99999106
1163,0.9868059,0.013194107
1164,6.698899e-05,0.999933
1165,0.0004347453,0.9995653
1166,0.00017387971,0.99982613
1167,0.0020282294,0.9979717
1168,0.0002395178,0.99976045
1169,0.99999964,4.0703475e-07
1170,1.5980162e-05,0.999984
1171,1.2481003e-05,0.9999875
1172,0.21434647,0.78565353
1173,0.00010378669,0.99989617
1174,0.99968493,0.00031507955
1175,0.0009996565,0.9990004
1176,5.480642e-05,0.99994516
1177,0.0008690601,0.9991309
1178,4.163226e-05,0.9999584
1179,0.028746579,0.9712534
1180,0.040792495,0.9592075
1181,0.00011748058,0.99988246
1182,0.99992585,7.418914e-05
1183,0.99999034,9.692066e-06
1184,0.99955505,0.00044491058
1185,0.98703873,0.012961332
1186,0.20693374,0.7930663
1187,0.000819333,0.9991806
1188,4.505254e-05,0.99995494
1189,3.0139634e-05,0.99996984
1190,5.362019e-06,0.99999464
1191,0.009101191,0.9908987
1192,1.1863274e-07,0.9999999
1193,1.7775568e-05,0.99998224
1194,0.9999914,8.570243e-06
1195,1.1677201e-05,0.9999883
1196,0.99998295,1.710464e-05
1197,5.0752597e-06,0.9999949
1198,1.4936843e-05,0.9999851
1199,9.50582e-06,0.99999046
1200,2.5892455e-06,0.9999974
1201,0.9994209,0.00057910726
1202,4.649634e-05,0.9999535
1203,0.99971503,0.00028496044
1204,0.0007989351,0.9992011
1205,0.99999094,9.01599e-06
1206,1.0,1.32234e-09
1207,6.4672946e-05,0.99993527
1208,0.99999917,8.106236e-07
1209,0.9999994,6.448191e-07
1210,0.00027170815,0.99972826
1211,0.002725089,0.99727494
1212,0.00026886194,0.9997311
1213,0.9948059,0.005194077
1214,0.0051580886,0.9948419
1215,4.720483e-05,0.9999528
1216,1.514787e-06,0.99999845
1217,1.7242681e-06,0.99999833
1218,0.9999056,9.440967e-05
1219,8.138839e-06,0.9999919
1220,0.0010872657,0.9989127
1221,0.9998423,0.00015763949
1222,0.0010530269,0.99894696
1223,0.10681139,0.89318866
1224,1.0935797e-05,0.99998903
1225,0.0007670486,0.999233
1226,0.9999989,1.0427468e-06
1227,0.9999925,7.5304456e-06
1228,0.99995947,4.0476672e-05
1229,8.959327e-06,0.99999106
1230,0.00061383046,0.9993862
1231,0.9999316,6.8389076e-05
1232,1.2224694e-05,0.9999877
1233,0.9963695,0.0036304733
1234,3.3257645e-06,0.99999666
1235,5.115969e-05,0.99994886
1236,6.3188577e-06,0.9999937
1237,0.05784286,0.9421571
1238,1.102142e-05,0.99998903
1239,3.1442545e-05,0.9999685
1240,0.99999213,7.899668e-06
1241,3.907561e-05,0.9999609
1242,0.999969,3.104153e-05
1243,0.008541116,0.9914589
1244,4.5471224e-05,0.9999546
1245,0.00015590563,0.9998441
1246,0.002464534,0.99753547
1247,0.00019584101,0.9998042
1248,0.0009719863,0.99902797
1249,0.00184696,0.99815303
1250,0.0024341552,0.99756587
1251,2.6476577e-05,0.99997354
1252,0.0010384411,0.99896157
1253,7.043196e-06,0.99999297
1254,0.9998894,0.000110636916
1255,0.9999937,6.2898666e-06
1256,0.0012370823,0.99876297
1257,1.1032134e-05,0.9999889
1258,1.540208e-05,0.9999846
1259,0.00084551115,0.99915445
1260,6.5783956e-06,0.99999344
1261,7.0227793e-06,0.99999297
1262,0.00038934159,0.9996107
1263,5.7496498e-05,0.99994254
1264,3.6690204e-07,0.99999964
1265,0.9999993,7.3112045e-07
1266,2.3034197e-06,0.99999774
1267,0.00032586927,0.9996742
1268,4.1545386e-06,0.9999958
1269,4.440146e-05,0.99995565
1270,0.0080804005,0.99191964
1271,0.019333184,0.98066676
1272,3.3479668e-05,0.9999665
1273,0.99999964,3.1050382e-07
1274,0.99998724,1.2747245e-05
1275,0.11395581,0.88604414
1276,0.0012599491,0.99874
1277,0.00019359565,0.99980646
1278,0.002229187,0.9977708
1279,0.00015756376,0.9998424
1280,0.001247337,0.9987527
1281,1.3144958e-06,0.9999987
1282,0.9979803,0.0020196924
1283,0.00014924337,0.99985075
1284,4.6606925e-05,0.9999534
1285,0.25281778,0.7471823
1286,0.0036736154,0.9963264
1287,0.99996185,3.812462e-05
1288,0.007029447,0.9929705
1289,6.045369e-05,0.99993956
1290,0.99999917,8.755365e-07
1291,9.217211e-07,0.99999905
1292,2.389437e-06,0.9999976
1293,0.9999951,4.9097375e-06
1294,0.00018918437,0.9998109
1295,9.1571506e-05,0.99990845
1296,0.0002853321,0.9997147
1297,0.0073853363,0.9926146
1298,0.99992776,7.223154e-05
1299,0.12137671,0.87862337
1300,0.0030296259,0.9969703
1301,4.9182716e-05,0.99995077
1302,0.00021451332,0.9997855
1303,0.002537757,0.9974623
1304,0.18862744,0.8113726
1305,0.9999981,1.8878555e-06
1306,0.99952805,0.00047191826
1307,0.000349344,0.9996506
1308,0.011116146,0.98888385
1309,0.044988796,0.9550112
1310,7.161106e-05,0.99992836
1311,9.3572e-05,0.9999064
1312,0.0060855523,0.9939144
1313,0.00013521333,0.9998648
1314,2.3787306e-05,0.99997616
1315,0.0041806195,0.99581933
1316,2.0688785e-06,0.999998
1317,0.99999964,4.0607205e-07
1318,5.0550338e-05,0.99994946
1319,0.9999999,1.1294071e-07
1320,3.07124e-06,0.9999969
1321,7.72352e-06,0.99999225
1322,0.00062587915,0.9993741
1323,0.008117488,0.9918825
1324,5.343092e-05,0.9999466
1325,1.0296503e-05,0.99998975
1326,0.028547298,0.9714527
1327,0.00020004476,0.9998
1328,0.99985015,0.00014978982
1329,0.013662277,0.9863377
1330,0.00069024897,0.9993098
1331,0.0003230122,0.99967706
1332,0.0003687627,0.99963117
1333,5.009913e-05,0.99994993
1334,1.0879082e-06,0.9999989
1335,0.99999714,2.8189847e-06
1336,6.4576256e-05,0.9999354
1337,8.157162e-06,0.9999919
1338,0.04347644,0.95652354
1339,0.0016232838,0.9983767
1340,0.9924326,0.0075673973
1341,0.9999658,3.415671e-05
1342,0.003184787,0.99681526
1343,0.007651328,0.9923487
1344,1.6881867e-06,0.99999833
1345,0.0008773984,0.99912256
1346,0.9999907,9.318391e-06
1347,0.0001577019,0.9998423
1348,0.99987125,0.0001286798
1349,5.185754e-06,0.99999475
1350,5.7533456e-05,0.9999424
1351,0.00029259713,0.9997074
1352,0.011549424,0.9884505
1353,0.04079777,0.95920223
1354,0.00019199066,0.999808
1355,0.12980853,0.8701915
1356,0.99998045,1.9589486e-05
1357,0.99999905,9.1367554e-07
1358,0.9998646,0.00013537238
1359,0.99995804,4.193745e-05
1360,0.0002298238,0.9997702
1361,0.9999831,1.6980484e-05
1362,0.9999496,5.037152e-05
1363,1.9713176e-05,0.99998033
1364,1.4485647e-07,0.9999999
1365,0.00010985832,0.9998901
1366,0.0003835157,0.9996165
1367,0.0004405821,0.99955946
1368,0.004167891,0.99583215
1369,0.0013529095,0.99864715
1370,4.95469e-06,0.999995
1371,0.00392997,0.99607
1372,0.9999982,1.8199346e-06
1373,1.3350483e-05,0.99998665
1374,0.009580027,0.99042004
1375,0.00018581231,0.9998142
1376,0.000105636675,0.9998944
1377,0.99999225,7.784304e-06
1378,1.5739259e-05,0.99998426
1379,0.014426793,0.98557323
1380,8.291816e-05,0.99991703
1381,0.037065282,0.96293473
1382,0.002590856,0.99740916
1383,0.99999917,8.521235e-07
1384,0.9515296,0.048470408
1385,0.007830494,0.99216956
1386,0.99999774,2.2292108e-06
1387,4.7502115e-07,0.9999995
1388,1.3184066e-06,0.9999987
1389,2.6136427e-06,0.9999974
1390,0.9993011,0.0006989524
1391,7.5532166e-06,0.9999925
1392,0.99839705,0.0016029334
1393,0.004008717,0.9959913
1394,0.00013388442,0.9998661
1395,0.9998857,0.00011428791
1396,7.572011e-06,0.9999924
1397,0.03444767,0.9655524
1398,0.07758025,0.9224198
1399,2.902487e-05,0.99997103
1400,0.9999999,1.7393656e-07
1401,1.27989e-06,0.9999987
1402,7.480798e-05,0.99992514
1403,1.8913312e-05,0.99998105
1404,0.999141,0.0008590463
1405,7.734812e-06,0.99999225
1406,0.00010887988,0.99989116
1407,0.0023653812,0.99763465
1408,0.9992077,0.00079236925
1409,0.00013042722,0.9998696
1410,2.2704311e-05,0.99997735
1411,0.0016747786,0.99832517
1412,3.5414596e-05,0.9999646
1413,0.019976329,0.9800237
1414,0.040433995,0.95956606
1415,0.00700362,0.9929964
1416,0.9998597,0.00014023385
1417,0.9998282,0.00017174619
1418,2.3422135e-06,0.9999976
1419,3.5188893e-06,0.9999964
1420,8.3603605e-05,0.99991643
1421,1.1297286e-06,0.9999989
1422,0.99985707,0.00014286344
1423,2.5693756e-05,0.99997425
1424,4.4379234e-05,0.99995565
1425,0.9999976,2.3476857e-06
1426,0.9999907,9.325805e-06
1427,1.2327389e-05,0.9999877
1428,2.7893415e-05,0.9999721
1429,2.5799577e-06,0.9999974
1430,3.1734235e-05,0.9999683
1431,0.9997861,0.00021391385
1432,0.00015260368,0.9998474
1433,0.018512277,0.98148775
1434,0.9999219,7.80275e-05
1435,1.2680246e-05,0.99998736
1436,0.0002675754,0.99973243
1437,0.0005397198,0.9994603
1438,8.47138e-05,0.99991524
1439,0.123072065,0.8769279
1440,1.8222619e-06,0.9999982
1441,5.665872e-05,0.9999434
1442,0.00033753412,0.9996625
1443,2.493354e-06,0.9999975
1444,5.184555e-07,0.9999995
1445,0.00011175192,0.9998882
1446,3.0490071e-05,0.9999695
1447,0.00054192357,0.99945813
1448,0.098531425,0.90146863
1449,0.010024766,0.9899753
1450,0.9999975,2.4837398e-06
1451,3.693973e-06,0.9999963
1452,0.9999995,4.6892586e-07
1453,0.0014698143,0.99853015
1454,0.00011449854,0.99988544
1455,0.9999982,1.7644408e-06
1456,0.00031605823,0.999684
1457,0.9997874,0.00021264027
1458,6.193255e-05,0.999938
1459,0.01596775,0.9840322
1460,0.00020545658,0.99979454
1461,5.712335e-06,0.9999943
1462,8.954721e-07,0.99999905
1463,0.008080636,0.9919193
1464,0.99474865,0.005251318
1465,0.00034092058,0.99965906
1466,0.00082889147,0.99917114
1467,1.3300895e-05,0.99998665
1468,0.999977,2.3047047e-05
1469,9.424802e-05,0.9999057
1470,0.005771864,0.9942281
1471,0.0059355274,0.9940645
1472,0.9979007,0.0020993045
1473,0.0019075866,0.99809235
1474,3.2688404e-06,0.9999968
1475,0.9943363,0.005663699
1476,9.008109e-07,0.99999905
1477,0.00037895405,0.99962103
1478,0.000101904654,0.9998981
1479,9.2777955e-06,0.9999907
1480,0.999688,0.00031202834
1481,0.0018182695,0.9981817
1482,0.9990361,0.0009639059
1483,0.9999161,8.3971616e-05
1484,0.15285586,0.8471442
1485,0.002768767,0.9972312
1486,0.9998592,0.00014072706
1487,2.3343007e-05,0.99997663
1488,0.0018310132,0.99816895
1489,8.452039e-05,0.9999155
1490,3.1428772e-07,0.99999964
1491,0.9999095,9.0509944e-05
1492,1.7678869e-05,0.99998236
1493,6.1856124e-05,0.99993813
1494,1.5042613e-05,0.999985
1495,3.0194411e-05,0.99996984
1496,2.0109153e-06,0.999998
1497,0.99899274,0.0010072087
1498,6.2988656e-05,0.99993706
1499,0.9999975,2.5181464e-06
1500,0.0014479512,0.998552
1501,2.402727e-06,0.9999976
1502,3.159738e-05,0.9999684
1503,0.9999999,1.5038661e-07
1504,0.0001800196,0.99982005
1505,0.0005627233,0.9994373
1506,0.00635786,0.99364215
1507,0.9999107,8.928026e-05
1508,2.1391957e-06,0.99999785
1509,0.9977229,0.0022770327
1510,0.99996316,3.6844725e-05
1511,0.00011274909,0.9998872
1512,1.9442585e-05,0.99998057
1513,0.00018609922,0.999814
1514,0.0036813603,0.9963186
1515,0.99999833,1.6707271e-06
1516,0.99999964,3.7365396e-07
1517,3.2827263e-06,0.99999666
1518,0.0015608238,0.99843913
1519,0.113431975,0.886568
1520,2.108914e-05,0.9999789
1521,7.1091804e-06,0.99999285
1522,0.9998907,0.00010930306
1523,0.0005646919,0.99943525
1524,6.868515e-05,0.99993134
1525,0.99998116,1.8833758e-05
1526,0.027369801,0.97263026
1527,0.00041621883,0.9995838
1528,0.00096849905,0.99903154
1529,1.0,1.2392707e-08
1530,9.151004e-06,0.9999908
1531,1.0470722e-05,0.9999895
1532,0.00020573966,0.9997943
1533,0.00024172688,0.9997583
1534,7.629456e-06,0.9999924
1535,0.9999993,6.978077e-07
1536,0.9999615,3.8503662e-05
1537,2.5359237e-05,0.9999746
1538,5.1629508e-05,0.9999484
1539,0.9999902,9.778986e-06
1540,0.9987967,0.0012032636
1541,9.853827e-05,0.9999014
1542,0.99958426,0.00041573148
1543,9.515905e-05,0.9999049
1544,8.824347e-06,0.9999912
1545,0.0002541896,0.9997458
1546,0.00015296819,0.99984705
1547,0.99999976,2.7999835e-07
1548,0.99948454,0.00051542727
1549,2.9620132e-05,0.99997044
1550,6.808474e-05,0.99993193
1551,0.0028630088,0.99713695
1552,0.00012367067,0.99987626
1553,0.00011693539,0.99988306
1554,9.5346604e-07,0.99999905
1555,0.99970156,0.00029838114
1556,1.28611355e-05,0.9999871
1557,0.9999987,1.2940807e-06
1558,0.9861498,0.013850259
1559,0.00035909607,0.99964094
1560,0.00010978722,0.9998902
1561,0.9999982,1.7916371e-06
1562,0.002847137,0.9971528
1563,1.1815782e-05,0.9999882
1564,0.016761584,0.98323846
1565,0.99999774,2.2143872e-06
1566,0.0010872032,0.9989128
1567,0.99754333,0.002456649
1568,0.99999666,3.3645824e-06
1569,0.99974173,0.00025829463
1570,0.00017889061,0.9998211
1571,0.99998677,1.3263744e-05
1572,0.000572078,0.99942786
1573,0.9999969,3.1489094e-06
1574,0.0005837434,0.99941623
1575,8.623182e-05,0.9999138
1576,0.00030209142,0.9996979
1577,0.99986327,0.00013667213
1578,0.9999788,2.124453e-05
1579,0.9998565,0.00014349939
1580,0.9999863,1.3760468e-05
1581,0.00037253078,0.9996275
1582,0.99974185,0.00025816268
1583,3.3466007e-05,0.9999665
1584,1.03000975e-05,0.99998975
1585,0.9999995,4.770587e-07
1586,0.9999473,5.2705276e-05
1587,0.00040723407,0.9995927
1588,0.0008564594,0.9991435
1589,0.9999995,4.5039425e-07
1590,0.0013944135,0.99860555
1591,5.895225e-05,0.999941
1592,2.0469664e-05,0.9999795
1593,8.781069e-05,0.99991214
1594,0.9999721,2.7858085e-05
1595,0.99993277,6.727195e-05
1596,7.178852e-07,0.9999993
1597,0.9993262,0.0006738469
1598,0.010275593,0.9897244
1599,0.000105339524,0.9998946
1600,0.99997556,2.4436607e-05
1601,0.00030983356,0.9996902
1602,0.00021744966,0.9997826
1603,4.2911333e-06,0.9999957
1604,0.9999964,3.6003382e-06
1605,0.9999999,1.6580466e-07
1606,0.9999958,4.206346e-06
1607,0.0020701587,0.9979298
1608,0.00026216282,0.9997378
1609,0.9988017,0.0011982266
1610,0.9999933,6.6251105e-06
1611,2.3120792e-05,0.9999769
1612,1.589704e-06,0.99999845
1613,0.99987185,0.00012816269
1614,0.9996086,0.00039146555
1615,2.4561226e-05,0.99997544
1616,4.3598475e-06,0.9999956
1617,0.99999774,2.3152684e-06
1618,0.99971336,0.0002866154
1619,0.00057574274,0.99942434
1620,0.9793457,0.02065433
1621,0.99999976,2.5626528e-07
1622,0.028069183,0.97193086
1623,0.0001380761,0.99986196
1624,8.637905e-05,0.9999136
1625,0.99989116,0.00010886037
1626,5.2462715e-06,0.99999475
1627,1.5027615e-05,0.999985
1628,0.01443447,0.9855656
1629,0.022168923,0.977831
1630,4.006175e-06,0.99999595
1631,0.99989724,0.000102722726
1632,0.99995697,4.2982392e-05
1633,0.99999833,1.6850967e-06
1634,0.99993515,6.481878e-05
1635,0.9994165,0.00058356236
1636,0.0033723305,0.9966276
1637,0.9994814,0.0005186989
1638,0.9999665,3.344667e-05
1639,0.99999976,2.1365399e-07
1640,0.03210713,0.9678928
1641,0.99986017,0.00013977182
1642,0.00022670074,0.9997733
1643,0.9998827,0.00011734288
1644,1.0,3.569503e-08
1645,0.9999461,5.3906013e-05
1646,4.6520734e-05,0.9999535
1647,0.00038010316,0.99961984
1648,0.9999906,9.474814e-06
1649,0.99999964,3.5317754e-07
1650,3.706205e-05,0.9999629
1651,1.9105984e-05,0.9999809
1652,0.001065121,0.9989349
1653,0.024123985,0.97587603
1654,6.762603e-05,0.9999324
1655,7.274681e-05,0.9999273
1656,0.2592194,0.74078065
1657,8.0058373e-07,0.99999917
1658,0.049618922,0.9503811
1659,2.1562042e-05,0.9999784
1660,3.9808372e-05,0.9999602
1661,0.004745522,0.9952545
1662,0.9996209,0.00037906083
1663,0.020980807,0.97901917
1664,0.005438803,0.99456125
1665,0.9998635,0.0001364695
1666,0.014334672,0.9856653
1667,2.618722e-05,0.9999738
1668,8.895742e-05,0.99991107
1669,3.182013e-06,0.9999968
1670,9.510125e-05,0.9999049
1671,1.055828e-05,0.9999894
1672,1.8119172e-05,0.9999819
1673,0.99999666,3.3589752e-06
1674,5.8019255e-06,0.99999416
1675,0.9995516,0.00044832498
1676,0.99999464,5.4051143e-06
1677,3.0836554e-07,0.99999964
1678,0.0010149722,0.998985
1679,0.00019330421,0.9998067
1680,0.99999726,2.6854652e-06
1681,0.075440794,0.92455924
1682,1.9682655e-07,0.99999976
1683,0.0004106751,0.9995894
1684,0.0056438106,0.9943562
1685,1.1744735e-05,0.9999882
1686,0.001534601,0.9984654
1687,0.0010446496,0.99895537
1688,0.12067386,0.87932616
1689,6.805903e-05,0.99993193
1690,5.433275e-06,0.9999945
1691,0.99999964,3.000937e-07
1692,0.00235152,0.99764854
1693,1.0025456e-06,0.99999905
1694,0.9998714,0.00012856195
1695,0.0007181003,0.99928194
1696,1.9761058e-06,0.999998
1697,0.0007713524,0.9992286
1698,0.028155312,0.97184473
1699,9.390837e-05,0.99990606
1700,2.167806e-06,0.99999785
1701,0.00013631837,0.9998636
1702,4.6304613e-05,0.99995375
1703,5.6698766e-05,0.99994326
1704,7.664386e-07,0.9999993
1705,0.9999813,1.8681778e-05
1706,0.999995,4.9894234e-06
1707,0.9998611,0.0001388956
1708,9.91986e-05,0.9999008
1709,9.467291e-05,0.99990535
1710,0.9999367,6.32923e-05
1711,0.00092722947,0.9990728
1712,0.9999988,1.1440563e-06
1713,1.0720489e-05,0.9999893
1714,0.010217635,0.98978233
1715,0.9997116,0.0002883996
1716,0.964529,0.035471
1717,0.9999999,1.2185302e-07
1718,6.0685135e-05,0.9999393
1719,1.9378886e-06,0.9999981
1720,1.609599e-05,0.9999839
1721,2.6690082e-05,0.9999733
1722,0.0034534577,0.99654657
1723,4.864393e-05,0.99995136
1724,0.99979717,0.00020290667
1725,0.000106567895,0.9998934
1726,0.39438188,0.6056181
1727,0.09129776,0.9087022
1728,0.0072123413,0.99278766
1729,0.033546515,0.96645343
1730,0.99999666,3.3930803e-06
1731,0.00010376283,0.99989617
1732,1.4110986e-05,0.99998593
1733,5.8844244e-06,0.99999416
1734,0.9999919,8.154672e-06
1735,1.0775332e-06,0.9999989
1736,0.0024902876,0.9975097
1737,0.00033075007,0.9996693
1738,0.97996014,0.020039888
1739,0.0013441133,0.9986559
1740,3.4024315e-06,0.99999654
1741,0.99941754,0.00058248296
1742,0.06770237,0.93229765
1743,0.27511936,0.7248806
1744,0.008839511,0.9911606
1745,3.181746e-06,0.9999968
1746,1.2858383e-06,0.9999987
1747,3.6254158e-05,0.99996376
1748,5.3049494e-06,0.99999464
1749,2.3343897e-05,0.99997663
1750,2.1563255e-05,0.9999784
1751,1.3503615e-05,0.9999865
1752,0.0009847643,0.9990152
1753,0.00011013514,0.99988985
1754,0.004264521,0.9957354
1755,0.023363061,0.97663695
1756,0.9999765,2.3427216e-05
1757,4.515746e-06,0.99999547
1758,0.013031918,0.9869681
1759,0.036329273,0.96367073
1760,2.3361035e-06,0.9999976
1761,5.3439826e-06,0.99999464
1762,0.000887254,0.9991128
1763,0.00025860954,0.9997414
1764,1.4010256e-05,0.99998593
1765,1.5088486e-05,0.99998486
1766,0.9980147,0.0019853315
1767,4.945642e-07,0.9999995
1768,0.998268,0.0017319707
1769,0.0024619785,0.997538
1770,0.005062416,0.99493754
1771,0.0011978785,0.99880207
1772,0.9999964,3.541334e-06
1773,0.9995435,0.00045649774
1774,0.00038795106,0.99961203
1775,0.0005053665,0.9994947
1776,5.574738e-05,0.9999442
1777,5.303767e-06,0.99999475
1778,0.00039538293,0.99960464
1779,0.002427019,0.99757296
1780,0.00026303384,0.99973696
1781,0.999995,5.010824e-06
1782,0.9999374,6.253928e-05
1783,0.003633467,0.9963665
1784,0.99998045,1.9558258e-05
1785,0.00023762893,0.99976236
1786,1.2373408e-06,0.9999988
1787,8.271927e-06,0.9999918
1788,1.093611e-05,0.99998903
1789,0.0001484507,0.9998516
1790,0.00012561078,0.99987435
1791,0.0008716957,0.9991283
1792,1.7370528e-05,0.9999826
1793,0.09067724,0.90932274
1794,0.0005630895,0.9994369
1795,4.7345584e-05,0.9999527
1796,0.0015617767,0.9984382
1797,0.0012761871,0.9987238
1798,5.0554e-05,0.99994946
1799,0.0024072302,0.99759275
1800,0.9867172,0.01328274
1801,0.011582346,0.9884177
1802,0.022086306,0.9779137
1803,0.00026941544,0.9997305
1804,0.0022194076,0.9977806
1805,0.00037709772,0.9996228
1806,0.9996687,0.00033125683
1807,6.4630563e-06,0.99999356
1808,5.3203366e-06,0.99999464
1809,0.9999994,6.510701e-07
1810,7.375743e-06,0.9999926
1811,0.00063674746,0.99936324
1812,0.9998499,0.00015005386
1813,2.6981983e-05,0.99997306
1814,0.999951,4.895666e-05
1815,2.7711947e-06,0.99999726
1816,0.999985,1.4961178e-05
1817,0.000118814365,0.99988115
1818,0.99999285,7.1883182e-06
1819,7.98066e-06,0.999992
1820,0.0006593773,0.9993406
1821,3.49042e-06,0.99999654
1822,8.057735e-05,0.9999194
1823,1.0,3.5633537e-08
1824,1.0736869e-05,0.9999893
1825,0.0010864405,0.9989135
1826,2.7207507e-06,0.99999726
1827,0.99999833,1.6101586e-06
1828,2.2817356e-05,0.99997723
1829,0.0009970047,0.999003
1830,0.102775045,0.8972249
1831,6.9497444e-05,0.9999305
1832,6.8343184e-06,0.9999932
1833,0.0005672359,0.99943274
1834,0.0002184569,0.99978155
1835,0.0010059649,0.99899405
1836,0.999998,2.0072098e-06
1837,0.9945042,0.005495865
1838,0.00057047774,0.9994295
1839,0.0027430283,0.99725705
1840,0.00018186598,0.99981815
1841,0.0041739433,0.9958261
1842,0.60925215,0.39074787
1843,1.11129475e-05,0.9999889
1844,0.9201844,0.07981555
1845,0.00015208218,0.9998479
1846,0.9999646,3.5432127e-05
1847,1.3181854e-06,0.9999987
1848,2.5064948e-05,0.99997497
1849,3.069236e-05,0.99996936
1850,0.99999475,5.277666e-06
1851,0.9995484,0.00045164934
1852,1.0549756e-05,0.9999895
1853,0.0011343566,0.9988657
1854,1.0727411e-05,0.9999893
1855,0.99999666,3.392912e-06
1856,9.170513e-07,0.99999905
1857,1.952114e-07,0.99999976
1858,0.001625669,0.99837434
1859,8.504696e-05,0.999915
1860,0.004793013,0.995207
1861,0.9999733,2.67505e-05
1862,0.99268615,0.007313841
1863,0.00076574465,0.9992343
1864,0.99999833,1.6619441e-06
1865,0.00016937667,0.9998306
1866,0.00035839662,0.99964154
1867,8.09515e-05,0.99991906
1868,1.6101823e-05,0.9999839
1869,1.5823252e-05,0.99998415
1870,0.999966,3.3920463e-05
1871,0.9999831,1.6911155e-05
1872,0.00014238636,0.99985754
1873,0.00026298972,0.99973696
1874,6.0083976e-06,0.99999404
1875,1.3381624e-05,0.99998665
1876,0.0009210193,0.999079
1877,1.4474533e-06,0.99999857
1878,5.5835386e-05,0.9999442
1879,5.5218375e-06,0.9999945
1880,0.00011223174,0.9998877
1881,0.004039656,0.9959603
1882,1.3636082e-06,0.9999987
1883,0.99997926,2.0753796e-05
1884,0.99999976,2.2636023e-07
1885,1.9069748e-06,0.9999981
1886,4.4131207e-06,0.9999956
1887,0.0033377875,0.99666226
1888,2.6002966e-05,0.999974
1889,0.0981552,0.90184486
1890,0.00012647168,0.9998735
1891,0.00012832973,0.9998716
1892,1.0114034e-05,0.99998987
1893,0.0099405795,0.9900594
1894,3.968833e-06,0.99999607
1895,0.015124739,0.98487526
1896,1.842763e-06,0.9999982
1897,3.3298414e-07,0.99999964
1898,5.7049474e-06,0.9999943
1899,6.591604e-05,0.9999341
1900,0.0039132806,0.9960867
1901,0.03533326,0.9646667
1902,0.025258655,0.9747413
1903,3.3352615e-05,0.9999666
1904,0.04077801,0.95922196
1905,0.9999796,2.035371e-05
1906,0.99989045,0.000109594876
1907,6.982927e-05,0.99993014
1908,0.9999993,7.094823e-07
1909,9.087793e-05,0.99990916
1910,0.00086255424,0.9991374
1911,0.9998925,0.000107488864
1912,0.9996474,0.00035264244
1913,0.037881628,0.9621184
1914,0.999961,3.892851e-05
1915,0.9999907,9.276521e-06
1916,0.00091352675,0.9990865
1917,0.99577576,0.0042242864
1918,2.9142246e-05,0.9999709
1919,2.5404197e-06,0.9999975
1920,0.99999213,7.813175e-06
1921,2.0354034e-06,0.999998
1922,0.00021085894,0.9997892
1923,0.008842798,0.9911572
1924,1.1493731e-05,0.99998856
1925,0.0073499377,0.9926501
1926,3.4565655e-05,0.9999654
1927,0.0015584937,0.9984415
1928,0.99995494,4.500063e-05
1929,0.9999951,4.8346797e-06
1930,0.018308852,0.9816912
1931,7.364982e-05,0.9999263
1932,0.24636967,0.75363034
1933,1.7801935e-06,0.9999982
1934,0.0007507388,0.9992493
1935,0.012794434,0.9872056
1936,0.99998534,1.46386e-05
1937,2.641917e-05,0.99997354
1938,6.779955e-07,0.9999993
1939,0.0038609311,0.9961391
1940,0.03491969,0.96508026
1941,0.0011192758,0.9988807
1942,7.2798495e-05,0.99992716
1943,0.00063028815,0.9993697
1944,0.0010529557,0.9989471
1945,0.99999714,2.8944235e-06
1946,0.039285198,0.9607148
1947,0.0015263523,0.9984736
1948,2.3499133e-05,0.9999765
1949,0.99993443,6.551404e-05
1950,0.0031848701,0.99681515
1951,7.7948745e-05,0.99992204
1952,0.9999994,6.2252815e-07
1953,0.018045273,0.9819547
1954,0.99999106,8.889546e-06
1955,0.0017308447,0.9982691
1956,2.7718217e-05,0.9999722
1957,0.010356762,0.9896432
1958,0.036203187,0.9637968
1959,0.9998584,0.00014163603
1960,0.00013187426,0.99986815
1961,6.2100575e-05,0.9999379
1962,0.04927123,0.9507288
1963,0.9999733,2.6644178e-05
1964,0.99993324,6.670412e-05
1965,0.99999964,3.0955886e-07
1966,0.0037868535,0.9962132
1967,4.187898e-05,0.99995816
1968,0.99999833,1.6111079e-06
1969,0.99915373,0.00084626727
1970,0.99999404,5.927404e-06
1971,9.167739e-06,0.9999908
1972,0.00019158544,0.9998085
1973,0.00083983317,0.9991602
1974,0.9999999,1.240986e-07
1975,0.00025686488,0.99974316
1976,0.048349276,0.95165074
1977,0.0014666512,0.99853337
1978,0.99999154,8.493323e-06
1979,1.0746077e-05,0.9999893
1980,0.9997446,0.00025545445
1981,5.5426997e-05,0.99994457
1982,0.00014775502,0.9998522
1983,0.99986506,0.00013489652
1984,1.7850432e-05,0.9999821
1985,0.00184659,0.9981534
1986,6.65819e-05,0.99993336
1987,0.0023038643,0.9976961
1988,0.9999999,7.7810455e-08
1989,3.8371374e-05,0.9999616
1990,0.9999974,2.6232942e-06
1991,2.1266118e-05,0.9999788
1992,0.9999988,1.1508685e-06
1993,0.0004826857,0.9995173
1994,4.6943953e-08,1.0
1995,0.9999784,2.1621883e-05
1996,0.0004201871,0.99957985
1997,0.021992734,0.97800726
1998,0.9999968,3.268588e-06
1999,5.940791e-05,0.99994063
2000,2.2337894e-05,0.9999777
2001,2.7382405e-06,0.99999726
2002,0.00020188907,0.9997981
2003,0.9999933,6.6573166e-06
2004,6.67682e-05,0.99993324
2005,0.0034616336,0.9965384
2006,1.774564e-05,0.99998224
2007,2.5634727e-05,0.99997437
2008,5.729835e-05,0.99994266
2009,0.15929532,0.8407046
2010,3.017639e-05,0.99996984
2011,2.5690473e-05,0.99997425
2012,0.9859424,0.014057633
2013,0.0038568913,0.99614316
2014,0.9999901,9.9051895e-06
2015,3.336483e-06,0.99999666
2016,0.0009245397,0.9990754
2017,4.5244014e-06,0.99999547
2018,0.0073505635,0.9926494
2019,8.569067e-06,0.9999914
2020,7.4328686e-06,0.9999926
2021,0.00014350362,0.9998565
2022,0.0017559051,0.99824405
2023,0.00018470969,0.9998153
2024,0.000977111,0.99902284
2025,2.0119885e-05,0.99997985
2026,0.00012313975,0.99987686
2027,0.0018996937,0.99810034
2028,0.10334642,0.89665365
2029,0.005875983,0.994124
2030,0.99999464,5.388357e-06
2031,0.00015227821,0.99984765
2032,0.005750996,0.994249
2033,9.869517e-07,0.99999905
2034,0.025462657,0.9745374
2035,0.00037727933,0.9996227
2036,0.038308,0.9616919
2037,0.034037817,0.96596223
2038,0.0005381749,0.9994618
2039,9.6648306e-05,0.9999033
2040,0.9997192,0.00028076424
2041,0.00032153094,0.9996785
2042,0.999508,0.0004919511
2043,1.7109009e-05,0.99998283
2044,0.001029846,0.99897015
2045,1.1106421e-05,0.9999889
2046,0.00018875912,0.99981123
2047,0.0016245138,0.9983754
2048,0.0001081909,0.99989176
2049,0.06689166,0.9331084
2050,0.9999883,1.167346e-05
2051,0.0005357455,0.9994642
2052,3.1661452e-06,0.9999968
2053,0.004025639,0.99597436
2054,5.9443326e-05,0.9999405
2055,0.005515862,0.9944841
2056,0.99967945,0.00032052523
2057,0.08356874,0.9164313
2058,0.0023830545,0.997617
2059,0.000117763004,0.9998822
2060,0.99998367,1.638058e-05
2061,0.98780745,0.012192605
2062,0.99999607,3.93631e-06
2063,3.4880409e-06,0.99999654
2064,0.9999604,3.956238e-05
2065,0.6981869,0.30181313
2066,0.9999293,7.072906e-05
2067,1.27145495e-05,0.99998724
2068,6.298606e-06,0.9999937
2069,2.6139342e-05,0.9999739
2070,0.99963737,0.00036265264
2071,0.38385582,0.6161442
2072,1.1712289e-05,0.9999883
2073,1.5324147e-05,0.9999846
2074,0.00026014054,0.9997398
2075,0.14991532,0.85008466
2076,0.040236507,0.95976347
2077,0.00036350274,0.99963653
2078,0.0024321747,0.99756783
2079,2.718538e-05,0.9999728
2080,0.0070252544,0.99297476
2081,0.99996364,3.6388687e-05
2082,7.817848e-05,0.9999218
2083,0.99983025,0.00016976586
2084,1.4584107e-06,0.99999857
2085,0.00053232873,0.9994677
2086,0.0048570833,0.99514294
2087,0.013677817,0.98632216
2088,4.485239e-05,0.9999552
2089,1.0,4.6281143e-09
2090,3.1037998e-06,0.9999969
2091,0.010111413,0.9898886
2092,2.9268576e-05,0.9999707
2093,0.99971753,0.0002824277
2094,6.0989714e-06,0.9999939
2095,2.1033784e-05,0.999979
2096,1.6025044e-05,0.999984
2097,0.00025473742,0.9997453
2098,0.99994683,5.3146996e-05
2099,2.327655e-06,0.9999976
2100,0.0005688529,0.9994311
2101,0.9999865,1.34780375e-05
2102,0.99999607,3.9219212e-06
2103,1.8626364e-05,0.9999814
2104,0.011022077,0.98897797
2105,4.213233e-07,0.9999995
2106,9.025203e-06,0.99999094
2107,0.9999857,1.4328032e-05
2108,1.2642937e-06,0.9999987
2109,0.9999962,3.7790742e-06
2110,1.4661392e-06,0.99999857
2111,0.00010726125,0.9998927
2112,0.99999595,4.0565465e-06
2113,2.701888e-05,0.99997294
2114,2.4472918e-05,0.99997556
2115,0.032308713,0.9676913
2116,0.084458314,0.9155417
2117,0.025398675,0.9746013
2118,0.9999958,4.135852e-06
2119,1.0,3.643649e-08
2120,9.127201e-06,0.9999908
2121,0.0028971296,0.9971029
2122,0.00018975452,0.9998103
2123,0.9998747,0.0001252436
2124,8.121742e-06,0.9999919
2125,0.0001815908,0.9998184
2126,3.5547437e-05,0.9999645
2127,3.936653e-05,0.99996066
2128,4.6993868e-05,0.99995303
2129,0.99793243,0.002067546
2130,0.0007439027,0.9992561
2131,0.00022983388,0.9997702
2132,9.068082e-05,0.9999093
2133,0.0002535716,0.9997464
2134,0.99991226,8.771135e-05
2135,0.010034581,0.98996544
2136,0.3046489,0.6953511
2137,4.01302e-06,0.99999595
2138,0.065309115,0.9346909
2139,0.0022228474,0.99777716
2140,0.0002521711,0.9997478
2141,0.00019201575,0.999808
2142,0.0132856835,0.9867143
2143,3.3384817e-06,0.99999666
2144,8.959847e-05,0.99991035
2145,0.9996779,0.00032215504
2146,0.00030282355,0.9996972
2147,2.501213e-05,0.99997497
2148,0.9999969,3.0433953e-06
2149,0.06561146,0.9343886
2150,6.187772e-05,0.99993813
2151,0.00026067338,0.99973935
2152,2.9864508e-05,0.9999701
2153,0.016884714,0.98311526
2154,0.0043101627,0.9956898
2155,0.12292905,0.8770709
2156,7.993548e-06,0.999992
2157,5.968859e-06,0.99999404
2158,0.09959099,0.900409
2159,0.066173375,0.9338267
2160,3.947728e-07,0.99999964
2161,0.0018796382,0.99812037
2162,1.5244781e-05,0.99998474
2163,0.00039647712,0.99960357
2164,0.00049254374,0.9995074
2165,2.3074932e-05,0.9999769
2166,0.9999881,1.1978285e-05
2167,0.99993265,6.740025e-05
2168,0.00019324875,0.9998068
2169,1.179522e-06,0.9999988
2170,5.7160218e-05,0.9999428
2171,0.99999964,3.2157917e-07
2172,1.0014189e-06,0.99999905
2173,1.7142355e-06,0.99999833
2174,0.006561619,0.9934384
2175,0.0009874372,0.9990126
2176,0.25560123,0.74439883
2177,0.0004916401,0.9995084
2178,0.005108334,0.99489164
2179,1.2614475e-05,0.99998736
2180,2.5349274e-05,0.9999746
2181,0.99981827,0.00018181848
2182,0.9995859,0.00041402175
2183,0.9999771,2.2851607e-05
2184,2.1437607e-05,0.99997854
2185,0.99999964,3.9498218e-07
2186,0.0001205404,0.9998795
2187,5.493456e-07,0.9999994
2188,1.6848984e-05,0.9999832
2189,9.581285e-07,0.99999905
2190,0.030851193,0.9691488
2191,0.99876153,0.0012385196
2192,4.8982154e-05,0.999951
2193,1.3369148e-05,0.99998665
2194,0.99999976,2.7574467e-07
2195,0.0015720701,0.998428
2196,0.06822033,0.9317796
2197,0.9999944,5.621485e-06
2198,0.99877447,0.0012254845
2199,0.00013878969,0.99986124
2200,0.9999958,4.20471e-06
2201,0.005725831,0.9942742
2202,0.1573844,0.8426156
2203,0.03682026,0.96317977
2204,9.4707156e-07,0.99999905
2205,1.0641212e-05,0.9999894
2206,0.99999774,2.2486884e-06
2207,0.0003059189,0.9996941
2208,0.9999571,4.2939373e-05
2209,2.1736085e-05,0.9999783
2210,4.8781105e-05,0.99995124
2211,0.94906145,0.050938584
2212,0.9999708,2.9198603e-05
2213,0.0013350002,0.998665
2214,0.9999901,9.866008e-06
2215,9.303384e-06,0.9999907
2216,0.0001593986,0.9998406
2217,0.9999995,5.151155e-07
2218,0.0047652484,0.9952348
2219,0.006899112,0.9931009
2220,2.2153708e-05,0.9999778
2221,0.0008113231,0.9991887
2222,0.99999917,7.8372113e-07
2223,0.9994734,0.0005266334
2224,0.99997973,2.0266898e-05
2225,0.999997,2.967621e-06
2226,0.99868494,0.0013150614
2227,0.00014306178,0.99985695
2228,0.00037293407,0.999627
2229,3.7899343e-07,0.99999964
2230,0.052770056,0.94723
2231,0.99998975,1.0230629e-05
2232,6.8240474e-06,0.9999932
2233,0.0001713265,0.9998287
2234,8.97625e-05,0.99991024
2235,0.00066884677,0.99933124
2236,0.0002263107,0.9997737
2237,0.0052127987,0.9947872
2238,2.1288367e-06,0.99999785
2239,6.7249175e-06,0.9999933
2240,0.99999154,8.507883e-06
2241,5.6621557e-05,0.9999434
2242,6.665986e-05,0.99993336
2243,1.6110223e-05,0.9999839
2244,0.99790525,0.0020947163
2245,0.0049938518,0.99500614
2246,1.0,4.639144e-09
2247,0.9988702,0.001129839
2248,0.005152427,0.99484754
2249,3.5288445e-05,0.9999647
2250,3.3186905e-05,0.99996686
2251,0.0027552918,0.9972447
2252,6.55269e-05,0.99993443
2253,2.7765998e-05,0.9999722
2254,0.00020004476,0.9998
2255,1.1709508e-05,0.9999883
2256,0.9999342,6.5789754e-05
2257,0.004230302,0.99576974
2258,4.2300926e-06,0.9999958
2259,3.8555727e-06,0.9999962
2260,0.9999968,3.2259204e-06
2261,0.0006977448,0.99930227
2262,0.034047507,0.9659525
2263,0.00045284588,0.9995472
2264,0.00010583893,0.99989414
2265,0.9999975,2.4625317e-06
2266,0.99998593,1.4051e-05
2267,0.6888444,0.31115556
2268,0.99989617,0.000103825296
2269,1.3530374e-05,0.9999864
2270,0.0034020238,0.99659795
2271,0.9847995,0.01520053
2272,2.624458e-06,0.9999974
2273,7.630561e-08,0.9999999
2274,0.0013863641,0.9986136
2275,0.00015063719,0.9998493
2276,0.00021893838,0.9997811
2277,0.0262708,0.9737292
2278,0.9999864,1.3585793e-05
2279,1.688157e-05,0.9999831
2280,0.99999523,4.7963067e-06
2281,0.00023691858,0.9997631
2282,0.999998,1.9873812e-06
2283,0.99898785,0.0010121622
2284,0.9999058,9.4179566e-05
2285,0.0002226659,0.9997774
2286,5.089114e-05,0.9999491
2287,0.00024504357,0.99975497
2288,0.0012248999,0.99877506
2289,1.449235e-06,0.99999857
2290,0.19466963,0.8053304
2291,0.023818875,0.9761811
2292,0.0044622286,0.99553776
2293,0.9999944,5.571507e-06
2294,1.888507e-05,0.99998116
2295,0.0011912606,0.99880874
2296,0.00039898182,0.99960107
2297,0.00093469984,0.99906534
2298,0.99997866,2.1336384e-05
2299,0.0006538947,0.9993461
2300,4.2226067e-05,0.9999578
2301,0.9999856,1.4415914e-05
2302,5.115496e-05,0.99994886
2303,0.03406783,0.9659322
2304,0.0046364907,0.9953635
2305,0.0041764607,0.9958235
2306,8.917421e-06,0.99999106
2307,0.07832867,0.92167133
2308,0.9976609,0.0023390828
2309,1.35846e-05,0.9999864
2310,0.0014170673,0.99858296
2311,0.0012068587,0.9987931
2312,0.03077903,0.96922106
2313,6.481482e-05,0.99993515
2314,0.00010810758,0.9998919
2315,1.1988181e-05,0.99998796
2316,4.6964746e-05,0.99995303
2317,5.9489772e-05,0.9999405
2318,0.06894897,0.9310511
2319,0.99657613,0.003423885
2320,4.588328e-06,0.99999547
2321,5.912267e-05,0.9999409
2322,5.3812844e-05,0.99994624
2323,0.008990028,0.99100995
2324,0.005145742,0.9948543
2325,8.064097e-06,0.9999919
2326,5.0216175e-05,0.9999498
2327,2.560394e-05,0.99997437
2328,2.0234195e-06,0.999998
2329,0.9999949,5.0912963e-06
2330,0.0008354891,0.9991646
2331,0.002363424,0.99763656
2332,0.00033017097,0.9996698
2333,7.116983e-07,0.9999993
2334,8.102085e-06,0.9999919
2335,0.000105998115,0.999894
2336,1.0797469e-06,0.9999989
2337,0.049618978,0.950381
2338,0.0023315263,0.99766845
2339,0.049332537,0.95066744
2340,1.6396833e-05,0.99998355
2341,0.0113583775,0.98864156
2342,0.9999995,5.2845076e-07
2343,1.9726924e-05,0.99998033
2344,6.551373e-05,0.99993443
2345,2.7059286e-06,0.99999726
2346,0.00010170769,0.9998983
2347,3.4105415e-05,0.9999659
2348,0.9998878,0.00011217782
2349,0.0014271621,0.9985728
2350,2.9326334e-06,0.999997
2351,8.875358e-06,0.9999912
2352,1.01407e-05,0.99998987
2353,0.00027587157,0.9997241
2354,3.8102326e-07,0.99999964
2355,0.99729794,0.0027020809
2356,0.99942845,0.0005715357
2357,0.1398794,0.8601206
2358,0.0152134765,0.98478657
2359,4.7725343e-06,0.99999523
2360,0.000574139,0.9994259
2361,0.003864529,0.9961355
2362,9.233075e-05,0.9999076
2363,0.9999831,1.6918899e-05
2364,0.001641239,0.9983588
2365,0.00044603847,0.999554
2366,0.5061332,0.4938668
2367,0.001748826,0.99825114
2368,0.00014744399,0.99985254
2369,3.0995914e-05,0.999969
2370,0.99925846,0.00074155536
2371,0.00014527113,0.9998547
2372,0.017734058,0.98226595
2373,0.99997926,2.072326e-05
2374,0.47605202,0.523948
2375,0.65586156,0.3441384
2376,1.7630615e-05,0.99998236
2377,6.679911e-07,0.9999993
2378,4.942632e-05,0.9999505
2379,6.5776617e-06,0.99999344
2380,0.009933094,0.9900669
2381,0.0010166231,0.9989833
2382,6.789548e-05,0.99993205
2383,0.999992,8.006564e-06
2384,1.7692092e-06,0.9999982
2385,0.00021559802,0.9997844
2386,0.0008742819,0.9991258
2387,0.00034526276,0.99965477
2388,9.160635e-06,0.9999908
2389,0.0009489965,0.99905103
2390,0.9999927,7.315582e-06
2391,2.1612977e-05,0.9999784
2392,2.6955931e-05,0.99997306
2393,0.9998568,0.00014320757
2394,0.99992085,7.9125435e-05
2395,0.083830595,0.91616935
2396,7.5451962e-06,0.9999925
2397,0.9998808,0.000119254095
2398,0.050092474,0.94990754
2399,3.0676678e-05,0.99996936
2400,0.00048505663,0.99951494
2401,0.00019107663,0.99980897
2402,8.7978486e-05,0.999912
2403,0.0043823575,0.9956176
2404,0.9954211,0.004578856
2405,0.99999154,8.45088e-06
2406,0.00090795755,0.9990921
2407,4.2743148e-05,0.9999572
2408,0.001862032,0.99813795
2409,1.184143e-06,0.9999988
2410,6.147318e-05,0.9999385
2411,0.01441118,0.98558885
2412,8.141487e-07,0.99999917
2413,1.0589359e-05,0.9999894
2414,0.0067364275,0.9932636
2415,4.9429244e-05,0.9999505
2416,1.7681854e-06,0.9999982
2417,0.0023377303,0.9976623
2418,9.578114e-07,0.99999905
2419,0.024031756,0.97596824
2420,0.0051162774,0.9948837
2421,0.009226607,0.99077344
2422,0.99951994,0.00048006565
2423,0.99961156,0.00038845587
2424,1.7942036e-06,0.9999982
2425,0.6034268,0.39657313
2426,0.00026064727,0.99973935
2427,2.4107001e-05,0.9999759
2428,0.99999964,3.376748e-07
2429,0.999949,5.0960487e-05
2430,0.97307104,0.026928993
2431,7.758022e-07,0.99999917
2432,4.2955227e-05,0.9999571
2433,0.96242326,0.037576806
2434,7.825853e-06,0.99999213
2435,0.00014443962,0.9998555
2436,0.010509616,0.98949045
2437,1.759769e-05,0.99998236
2438,0.0036016018,0.9963983
2439,0.006568872,0.99343115
2440,3.0993215e-06,0.9999969
2441,0.9999995,4.676718e-07
2442,1.970744e-06,0.999998
2443,3.1636064e-05,0.9999684
2444,0.0047124857,0.99528754
2445,0.00015000152,0.99985003
2446,6.37805e-06,0.99999356
2447,0.000803984,0.999196
2448,1.0764695e-05,0.9999893
2449,0.04205567,0.9579443
2450,0.999979,2.1011432e-05
2451,3.542828e-05,0.9999646
2452,9.0375834e-05,0.99990964
2453,0.99998033,1.9727204e-05
2454,5.4062406e-05,0.9999459
2455,4.3991742e-05,0.999956
2456,0.00027004446,0.99972993
2457,0.99999464,5.318226e-06
2458,0.9981616,0.0018383792
2459,9.458268e-05,0.99990547
2460,3.1520183e-05,0.9999685
2461,1.019436e-06,0.9999989
2462,0.99999905,9.110687e-07
2463,0.00013536502,0.9998646
2464,0.9994123,0.0005877559
2465,8.747814e-06,0.9999913
2466,1.0,4.5760626e-09
2467,0.9999974,2.5863555e-06
2468,0.0022403628,0.9977596
2469,0.9999975,2.5032343e-06
2470,0.9424717,0.057528257
2471,0.00019482132,0.99980515
2472,9.0330504e-05,0.99990964
2473,0.99999785,2.0956443e-06
2474,0.0071539166,0.9928461
2475,0.000767197,0.99923277
2476,2.7686992e-05,0.99997234
2477,0.99997723,2.2710481e-05
2478,0.9999852,1.4795765e-05
2479,3.929244e-06,0.99999607
2480,4.3870376e-05,0.99995613
2481,3.422746e-06,0.99999654
2482,0.9998628,0.00013723498
2483,2.167502e-06,0.99999785
2484,0.00027153,0.9997285
2485,0.9999987,1.2993029e-06
2486,0.9999933,6.6877974e-06
2487,0.0015450036,0.99845505
2488,0.0006390577,0.999361
2489,0.9999945,5.486333e-06
2490,0.9999963,3.7399122e-06
2491,0.002718737,0.9972812
2492,4.701126e-05,0.99995303
2493,0.00014773657,0.9998523
2494,4.9352468e-05,0.99995065
2495,0.999736,0.00026399386
2496,0.00019905384,0.999801
2497,0.999495,0.00050491426
2498,0.99999344,6.5477207e-06
2499,0.00038390612,0.999616
2500,0.018307485,0.98169255
2501,0.111265436,0.8887345
2502,1.4535935e-05,0.99998546
2503,5.525242e-05,0.9999447
2504,0.0007541764,0.9992459
2505,0.00026981853,0.99973017
2506,0.99967945,0.00032062305
2507,0.0016117557,0.9983883
2508,0.00011199056,0.99988794
2509,0.019559154,0.98044086
2510,0.00014772348,0.9998523
2511,2.2868046e-06,0.99999774
2512,0.15311013,0.8468898
2513,0.99998903,1.0929072e-05
2514,0.99996054,3.946791e-05
2515,0.99940073,0.000599282
2516,0.99998283,1.7118686e-05
2517,1.1875971e-05,0.9999881
2518,0.0034554342,0.99654454
2519,0.002911238,0.99708873
2520,0.0002827098,0.9997173
2521,0.00013515478,0.9998648
2522,0.9999895,1.044776e-05
2523,0.999209,0.0007910739
2524,0.026304279,0.97369576
2525,0.17980425,0.8201958
2526,0.99988306,0.00011693506
2527,0.9991653,0.0008347454
2528,7.863621e-05,0.9999213
2529,0.9999428,5.7168996e-05
2530,1.5409176e-05,0.9999846
2531,7.668476e-05,0.99992335
2532,0.00062488264,0.99937516
2533,0.0027608261,0.9972391
2534,6.1829465e-05,0.99993813
2535,0.9805697,0.019430306
2536,0.9999982,1.7932731e-06
2537,0.9999999,6.7262825e-08
2538,3.8698246e-05,0.99996126
2539,9.538535e-07,0.99999905
2540,0.0026757964,0.9973242
2541,0.14647283,0.8535271
2542,6.359984e-05,0.99993634
2543,0.9999968,3.2007736e-06
2544,1.7640285e-05,0.99998236
2545,0.00013312467,0.99986684
2546,1.5077988e-05,0.999985
2547,0.9999989,1.0927225e-06
2548,0.99998415,1.5905738e-05
2549,1.6865592e-05,0.9999832
2550,0.9999912,8.822192e-06
2551,0.0033082343,0.9966917
2552,0.06129342,0.93870664
2553,0.0022283345,0.9977717
2554,0.9998852,0.00011474611
2555,0.0073266756,0.99267334
2556,0.002439313,0.99756074
2557,1.0,5.7574336e-08
2558,6.0103184e-07,0.9999994
2559,8.866221e-06,0.9999912
2560,0.009668942,0.99033105
2561,6.6464368e-06,0.9999933
2562,0.018691927,0.98130804
2563,3.411568e-06,0.99999654
2564,0.00025552115,0.9997445
2565,0.99887496,0.0011250317
2566,0.9999949,5.157244e-06
2567,2.2478648e-06,0.99999774
2568,6.026242e-05,0.9999397
2569,0.9999968,3.174248e-06
2570,0.9999832,1.677432e-05
2571,0.0002353911,0.9997646
2572,3.3652297e-05,0.9999664
2573,0.00018602468,0.999814
2574,0.99878484,0.0012151848
2575,0.00014113722,0.99985886
2576,1.5588554e-06,0.99999845
2577,0.00056289654,0.99943703
2578,9.260734e-06,0.9999907
2579,0.9999747,2.5293495e-05
2580,0.999877,0.00012302473
2581,8.63376e-07,0.99999917
2582,0.0032184522,0.99678147
2583,5.927082e-06,0.99999404
2584,0.0014942979,0.9985057
2585,5.0055336e-05,0.99994993
2586,0.9984445,0.0015555583
2587,1.7074439e-05,0.99998295
2588,1.957451e-05,0.99998045
2589,0.0025618088,0.9974382
2590,0.0008784955,0.9991215
2591,2.6459523e-07,0.99999976
2592,1.7166949e-05,0.99998283
2593,1.1881791e-06,0.9999988
2594,0.00055953604,0.9994405
2595,4.6595815e-05,0.9999534
2596,7.346492e-05,0.99992657
2597,0.9999968,3.1759193e-06
2598,0.99987304,0.0001269338
2599,0.99999976,2.1105653e-07
2600,0.99999905,9.5170907e-07
2601,0.9991178,0.00088219385
2602,9.2478076e-05,0.9999075
2603,1.0,4.7281198e-08
2604,1.5960271e-05,0.999984
2605,9.3533825e-05,0.9999064
2606,0.0015577179,0.99844235
2607,0.087707855,0.9122921
2608,8.3670595e-05,0.9999163
2609,0.01085157,0.98914844
2610,0.0001274658,0.99987257
2611,5.5449942e-05,0.99994457
2612,9.3404753e-07,0.99999905
2613,9.81243e-06,0.9999902
2614,0.9999273,7.266263e-05
2615,0.000145991,0.99985397
2616,9.411205e-05,0.9999058
2617,0.01507294,0.98492706
2618,0.9902569,0.009743104
2619,0.99999976,2.128929e-07
2620,0.9971732,0.0028267696
2621,0.009318975,0.990681
2622,5.0160317e-05,0.9999498
2623,0.9999052,9.4706855e-05
2624,5.222208e-05,0.9999478
2625,9.107903e-05,0.9999089
2626,3.1587046e-05,0.9999684
2627,0.0001049383,0.9998951
2628,0.0019678122,0.99803215
2629,0.00019356389,0.99980646
2630,0.0009516693,0.9990483
2631,0.99963343,0.00036656437
2632,0.00019210126,0.9998079
2633,0.04763074,0.95236933
2634,4.977269e-05,0.9999502
2635,0.9999889,1.1113964e-05
2636,0.0008747644,0.9991253
2637,0.009991784,0.99000823
2638,0.00015862168,0.99984133
2639,0.9999976,2.411717e-06
2640,0.99997973,2.0313397e-05
2641,0.9999975,2.5081522e-06
2642,3.070988e-06,0.9999969
2643,1.1813664e-05,0.9999882
2644,0.99998546,1.4524767e-05
2645,8.875891e-06,0.9999912
2646,0.009819029,0.99018097
2647,0.00010526351,0.99989474
2648,0.007497881,0.9925021
2649,8.613737e-06,0.9999914
2650,0.011331316,0.98866874
2651,0.99998116,1.888752e-05
2652,0.99999607,3.8932562e-06
2653,1.87486e-05,0.9999813
2654,8.539185e-05,0.99991465
2655,0.9999753,2.4732291e-05
2656,0.99999475,5.2652986e-06
2657,1.4803859e-06,0.99999857
2658,4.2726165e-07,0.9999995
2659,2.8786883e-06,0.99999714
2660,0.9999995,4.5726011e-07
2661,1.8188035e-07,0.99999976
2662,0.9999635,3.6509617e-05
2663,2.1037276e-05,0.999979
2664,0.037951715,0.9620483
2665,1.4297211e-05,0.9999857
2666,8.29007e-05,0.99991715
2667,2.3119646e-05,0.9999769
2668,0.007912172,0.9920879
2669,0.9996315,0.0003685034
2670,0.00023353164,0.9997665
2671,8.5580235e-05,0.9999144
2672,3.969707e-05,0.9999603
2673,0.00020980186,0.99979025
2674,0.9999956,4.3816394e-06
2675,2.8044302e-05,0.999972
2676,0.999992,7.953193e-06
2677,8.393413e-06,0.99999166
2678,0.0005302696,0.9994697
2679,0.07276592,0.9272341
2680,8.2405895e-06,0.9999918
2681,1.0234123e-05,0.99998975
2682,0.9999831,1.6958345e-05
2683,0.99959,0.00041007734
2684,0.00392249,0.9960775
2685,0.34767678,0.65232325
2686,0.00057983166,0.99942017
2687,4.4567154e-05,0.9999554
2688,0.03437784,0.9656222
2689,0.004304069,0.99569595
2690,0.010421302,0.98957866
2691,0.038965754,0.9610342
2692,3.571543e-05,0.99996424
2693,4.4680262e-05,0.9999553
2694,0.033309016,0.966691
2695,0.99587375,0.0041263197
2696,1.6003387e-05,0.999984
2697,0.00020044952,0.99979955
2698,1.0,5.068557e-08
2699,0.0023236445,0.9976763
2700,0.0008693057,0.99913067
2701,1.25024235e-05,0.9999875
2702,0.00039675954,0.9996032
2703,0.00050841086,0.9994916
2704,0.9999957,4.34213e-06
2705,0.00019882868,0.9998012
2706,0.011190867,0.98880917
2707,0.9919634,0.008036608
2708,0.00034110606,0.99965894
2709,0.9999999,9.719732e-08
2710,0.028138477,0.9718615
2711,0.00013398212,0.999866
2712,7.49115e-06,0.9999925
2713,0.00020784604,0.99979216
2714,0.99999917,7.9843056e-07
2715,0.018355602,0.9816444
2716,0.99997354,2.6409823e-05
2717,7.480213e-05,0.99992514
2718,0.0043330714,0.99566686
2719,0.007466822,0.9925332
2720,3.2029333e-05,0.99996793
2721,7.0934548e-06,0.99999285
2722,0.9995215,0.00047852416
2723,2.7182528e-05,0.9999728
2724,0.99999845,1.4991938e-06
2725,0.9999552,4.4806904e-05
2726,1.7084765e-05,0.99998295
2727,0.9980868,0.0019132751
2728,0.9755248,0.024475224
2729,0.99992347,7.6512515e-05
2730,0.9998492,0.00015073403
2731,0.00035486792,0.9996451
2732,0.99999714,2.874946e-06
2733,0.00028695472,0.999713
2734,3.3635068e-05,0.9999664
2735,8.019356e-06,0.999992
2736,4.137243e-05,0.99995863
2737,0.00055192,0.9994481
2738,0.0040532257,0.9959468
2739,0.0033971593,0.9966028
2740,0.00033908742,0.99966097
2741,0.0001244518,0.99987555
2742,5.446042e-06,0.9999945
2743,0.9999989,1.1231402e-06
2744,0.00032684277,0.9996731
2745,0.99859136,0.0014086565
2746,0.0047464655,0.99525356
2747,0.0008691545,0.9991309
2748,0.9995346,0.00046538227
2749,0.00018611374,0.99981385
2750,0.015393199,0.98460686
2751,0.028840868,0.9711591
2752,0.99958175,0.0004182409
2753,0.99999833,1.6790586e-06
2754,0.000384778,0.9996152
2755,0.0003343293,0.99966574
2756,0.05463739,0.9453626
2757,0.9982444,0.0017556086
2758,3.616469e-05,0.9999639
2759,0.99989605,0.00010395032
2760,0.99999976,2.0338071e-07
2761,9.262395e-06,0.9999907
2762,0.00020776599,0.9997923
2763,5.514125e-05,0.9999448
2764,0.00022007964,0.9997799
2765,0.0017195205,0.9982805
2766,0.00017158757,0.99982834
2767,5.5294433e-05,0.9999447
2768,0.9994629,0.0005370808
2769,0.99991786,8.207077e-05
2770,0.99997973,2.0221722e-05
2771,9.478527e-06,0.99999046
2772,4.151103e-05,0.9999585
2773,0.9996685,0.00033158768
2774,0.03056983,0.96943015
2775,1.926266e-05,0.9999807
2776,0.99832076,0.001679219
2777,0.0019353918,0.9980646
2778,0.99898547,0.0010144699
2779,4.489261e-05,0.99995506
2780,9.513847e-06,0.99999046
2781,0.3272799,0.67272013
2782,0.26937777,0.7306222
2783,0.0003570799,0.99964297
2784,4.686827e-06,0.99999535
2785,0.0020782265,0.99792176
2786,9.6957454e-05,0.9999031
2787,0.99995327,4.6695677e-05
2788,0.0008508996,0.9991491
2789,0.99900633,0.0009936397
2790,0.99981517,0.00018488485
2791,0.040921725,0.9590783
2792,0.99994373,5.62049e-05
2793,0.00308236,0.9969176
2794,1.5761836e-05,0.99998426
2795,0.006475968,0.9935241
2796,0.9997807,0.00021929522
2797,0.008002101,0.9919979
2798,0.9999994,6.507435e-07
2799,0.0069610495,0.99303895
2800,6.867441e-05,0.99993134
2801,0.9999894,1.0604659e-05
2802,0.99999917,7.7748575e-07
2803,3.9707258e-05,0.9999603
2804,0.00020703312,0.999793
2805,0.0026451766,0.99735487
2806,0.99996495,3.5072953e-05
2807,3.3837705e-06,0.99999666
2808,0.010521478,0.9894785
2809,1.4254027e-05,0.9999857
2810,1.14978975e-05,0.99998856
2811,0.0010244348,0.99897563
2812,1.680016e-05,0.9999832
2813,0.99924326,0.0007567137
2814,0.034335114,0.96566486
2815,0.00012735318,0.9998727
2816,0.9999832,1.6758122e-05
2817,0.0001251888,0.99987483
2818,0.9999989,1.1279878e-06
2819,1.0521974e-05,0.9999895
2820,0.00017099729,0.99982893
2821,0.9999945,5.538345e-06
2822,0.00046973713,0.9995303
2823,0.99999833,1.6657984e-06
2824,4.1428924e-05,0.9999585
2825,0.9999974,2.6201365e-06
2826,0.9998653,0.00013466144
2827,3.617202e-06,0.9999964
2828,0.00016201907,0.999838
2829,0.9999969,3.0586943e-06
2830,0.0029681819,0.9970318
2831,0.9999988,1.183249e-06
2832,0.0007415642,0.99925846
2833,1.537679e-06,0.99999845
2834,0.004765893,0.9952341
2835,0.07362522,0.9263748
2836,0.99975055,0.00024941843
2837,0.9996038,0.00039615444
2838,0.99975544,0.00024459587
2839,0.9999478,5.2220188e-05
2840,0.99948955,0.0005103873
2841,0.99996746,3.2545406e-05
2842,7.196491e-05,0.999928
2843,0.00014123361,0.99985874
2844,0.00013945883,0.9998605
2845,0.05370714,0.9462929
2846,0.99999464,5.396024e-06
2847,5.338861e-08,1.0
2848,9.541155e-05,0.99990463
2849,0.99999964,3.4080782e-07
2850,0.99999905,9.98319e-07
2851,6.5444845e-05,0.99993455
2852,1.0,4.39544e-08
2853,0.0011197911,0.9988802
2854,0.00032967716,0.9996704
2855,2.8144343e-05,0.99997187
2856,0.99999475,5.281225e-06
2857,0.012806985,0.987193
2858,0.99977046,0.0002295645
2859,1.594052e-06,0.99999845
2860,0.9999956,4.3709592e-06
2861,1.792339e-05,0.9999821
2862,0.0017662654,0.9982337
2863,0.00013759531,0.99986243
2864,3.6721005e-05,0.9999633
2865,0.9998549,0.00014511221
2866,0.00014213474,0.9998579
2867,8.2735205e-06,0.9999918
2868,5.437142e-06,0.9999945
2869,0.00016892508,0.9998311
2870,0.004793131,0.9952069
2871,0.00043767242,0.9995623
2872,0.9999863,1.3751207e-05
2873,0.0002847497,0.99971527
2874,0.0001648105,0.99983513
2875,7.070297e-06,0.99999297
2876,1.0427754e-05,0.9999896
2877,0.00014433512,0.99985564
2878,6.881023e-05,0.9999312
2879,9.027605e-06,0.99999094
2880,0.99999654,3.508813e-06
2881,0.00026277493,0.9997372
2882,2.136095e-06,0.99999785
2883,6.727169e-06,0.9999933
2884,0.0009326351,0.99906737
2885,0.00019067603,0.9998093
2886,0.99868923,0.0013107224
2887,7.081558e-05,0.9999292
2888,8.8619425e-05,0.9999114
2889,9.445439e-06,0.9999906
2890,0.9999417,5.8344714e-05
2891,0.0016289388,0.99837106
2892,0.9997845,0.00021551171
2893,9.394628e-06,0.9999906
2894,0.9999989,1.1229292e-06
2895,0.0013076288,0.99869233
2896,0.0005891204,0.99941087
2897,0.0013637993,0.9986362
2898,0.9965823,0.003417708
2899,8.43748e-06,0.99999154
2900,0.9999789,2.1156038e-05
2901,0.0034254831,0.9965745
2902,0.9999999,1.680294e-07
2903,1.2262302e-05,0.9999877
2904,4.7933936e-06,0.99999523
2905,0.0013905166,0.9986094
2906,1.31656725e-05,0.9999869
2907,0.20239839,0.7976016
2908,9.3491e-06,0.9999907
2909,0.99999976,2.6850097e-07
2910,0.00031355667,0.9996865
2911,0.029566804,0.9704332
2912,0.00039118854,0.9996088
2913,0.0037644194,0.99623555
2914,0.0020760165,0.997924
2915,1.2889451e-05,0.9999871
2916,1.4822232e-05,0.9999852
2917,9.480364e-05,0.9999052
2918,2.7272608e-06,0.99999726
2919,0.00065356324,0.99934644
2920,0.104348,0.89565206
2921,0.000114314185,0.9998857
2922,0.99998224,1.770431e-05
2923,1.0641637e-05,0.9999894
2924,3.980196e-05,0.9999602
2925,3.2382184e-05,0.9999676
2926,0.002410669,0.99758935
2927,0.559143,0.44085696
2928,8.713313e-05,0.99991286
2929,1.0,3.0092703e-08
2930,0.99999404,5.982063e-06
2931,6.433451e-05,0.9999356
2932,5.744821e-05,0.99994254
2933,0.007962857,0.9920372
2934,2.0992088e-06,0.99999785
2935,2.1288206e-06,0.99999785
2936,3.280597e-05,0.9999672
2937,0.00022174342,0.9997782
2938,2.2329757e-05,0.9999777
2939,6.7831643e-06,0.9999932
2940,0.999816,0.00018408467
2941,0.0016242617,0.9983758
2942,0.99997437,2.5656736e-05
2943,0.00012214942,0.9998778
2944,0.9999999,1.6963337e-07
2945,4.4939557e-06,0.99999547
2946,0.00081214064,0.9991879
2947,0.00016379797,0.9998362
2948,0.9897558,0.010244143
2949,1.7210521e-05,0.99998283
2950,0.00064942555,0.9993506
2951,0.99999356,6.4954716e-06
2952,7.4275437e-07,0.9999993
2953,0.0012012698,0.9987987
2954,5.4306543e-06,0.9999945
2955,0.017301034,0.9826989
2956,1.9148007e-05,0.9999808
2957,6.032176e-05,0.9999397
2958,0.13220845,0.8677916
2959,0.99918336,0.0008166058
2960,3.3613775e-05,0.9999664
2961,0.99999535,4.5988636e-06
2962,9.0092345e-07,0.99999905
2963,0.01730551,0.98269445
2964,6.517984e-05,0.9999348
2965,0.39208084,0.60791916
2966,0.9999893,1.0746949e-05
2967,0.0005701825,0.99942976
2968,0.9999969,3.0801127e-06
2969,6.183029e-05,0.99993813
2970,0.005433209,0.9945668
2971,2.0251075e-05,0.99997973
2972,0.0033715712,0.99662846
2973,0.00018102447,0.999819
2974,2.782503e-05,0.9999722
2975,1.9584853e-05,0.99998045
2976,1.2840852e-05,0.9999871
2977,4.0703428e-05,0.99995935
2978,1.3308788e-05,0.99998665
2979,6.2712147e-06,0.9999937
2980,0.00019256155,0.9998074
2981,1.7403823e-05,0.9999826
2982,2.7118682e-05,0.99997294
2983,0.0003011505,0.9996989
2984,0.034255486,0.96574455
2985,0.99999,9.983323e-06
2986,0.001682796,0.99831724
2987,1.0464303e-05,0.9999895
2988,3.203198e-06,0.9999968
2989,0.997897,0.0021029266
2990,0.002164778,0.9978352
2991,0.0007061434,0.9992938
2992,2.6895355e-05,0.99997306
2993,0.0002116263,0.99978834
2994,2.3164912e-05,0.9999769
2995,1.10736755e-05,0.9999889
2996,0.018967707,0.9810323
2997,0.9995146,0.00048539217
2998,0.0015105279,0.9984895
2999,0.18278977,0.8172102
3000,2.2315538e-05,0.9999777
3001,0.00026991166,0.99973005
3002,0.030420307,0.96957976
3003,9.5131845e-06,0.99999046
3004,0.00089963246,0.99910045
3005,3.2367738e-05,0.9999676
3006,3.1223133e-06,0.9999969
3007,0.00027071367,0.9997292
3008,0.99987304,0.00012696358
3009,0.0037510367,0.996249
3010,0.00074418035,0.99925584
3011,1.9303598e-05,0.9999807
3012,0.99973685,0.0002631997
3013,0.99999845,1.583896e-06
3014,1.26985415e-05,0.99998724
3015,0.99999976,2.0502237e-07
3016,0.0013658622,0.99863416
3017,0.99999964,3.657701e-07
3018,0.99243236,0.0075676846
3019,0.00064755406,0.9993524
3020,0.99999964,2.9893226e-07
3021,0.0068306667,0.9931693
3022,0.002198713,0.99780124
3023,1.7327827e-07,0.9999999
3024,0.9996685,0.00033152662
3025,7.1504946e-06,0.99999285
3026,0.99988043,0.00011955981
3027,2.5653337e-05,0.99997437
3028,0.00079333934,0.9992067
3029,5.56712e-05,0.9999443
3030,0.00698335,0.9930166
3031,0.14805071,0.8519493
3032,0.99995995,4.004738e-05
3033,0.0002642948,0.99973565
3034,0.9999982,1.7764743e-06
3035,2.7690837e-06,0.99999726
3036,5.997806e-06,0.99999404
3037,4.219122e-06,0.9999958
3038,8.314176e-06,0.99999166
3039,4.0524486e-05,0.99995947
3040,0.000105686944,0.99989426
3041,0.09214066,0.9078594
3042,2.1981688e-05,0.99997807
3043,0.001479988,0.9985201
3044,0.025169503,0.97483045
3045,4.2642578e-06,0.9999957
3046,4.832463e-05,0.9999517
3047,1.3606254e-05,0.9999864
3048,0.0012293988,0.99877053
3049,4.3684813e-05,0.99995637
3050,0.9999789,2.104775e-05
3051,7.292113e-05,0.99992704
3052,0.9999993,6.9999453e-07
3053,9.060917e-05,0.9999094
3054,0.99998856,1.1482907e-05
3055,1.6378141e-06,0.99999833
3056,0.00032065116,0.9996793
3057,0.057881583,0.9421184
3058,5.2084742e-06,0.99999475
3059,0.10849275,0.89150727
3060,0.9999721,2.7897857e-05
3061,0.99998426,1.5748674e-05
3062,0.06346907,0.93653095
3063,0.0021574744,0.99784255
3064,1.9095163e-05,0.9999809
3065,0.9999957,4.2343263e-06
3066,0.032603413,0.96739656
3067,0.99818605,0.0018138798
3068,0.22368923,0.7763108
3069,1.0,3.4223756e-08
3070,6.46493e-06,0.99999356
3071,0.00052370556,0.9994764
3072,7.4343945e-05,0.9999256
3073,0.008288089,0.99171185
3074,0.9979043,0.0020956963
3075,0.001346091,0.9986539
3076,3.130336e-05,0.99996865
3077,6.1564e-05,0.9999385
3078,0.00016515769,0.9998348
3079,0.99917126,0.00082881097
3080,4.6193913e-06,0.99999535
3081,0.02806446,0.9719355
3082,9.264314e-05,0.9999074
3083,0.0008859838,0.999114
3084,0.9945845,0.0054154843
3085,0.00012512197,0.99987483
3086,4.6797613e-06,0.99999535
3087,0.99967396,0.00032609116
3088,1.4445076e-05,0.9999856
3089,0.0012602691,0.9987398
3090,0.00017526498,0.9998248
3091,6.0216075e-06,0.9999939
3092,5.6412264e-06,0.9999944
3093,0.00018506474,0.9998149
3094,0.000117208016,0.9998828
3095,2.0895714e-05,0.99997914
3096,0.9999999,6.615273e-08
3097,4.583383e-05,0.9999542
3098,0.99999917,8.297797e-07
3099,0.088679336,0.9113206
3100,1.4844581e-05,0.9999851
3101,0.0002619764,0.99973804
3102,5.439192e-05,0.99994564
3103,0.9999105,8.9544235e-05
3104,0.029029233,0.9709708
3105,0.00044826645,0.9995517
3106,0.08786399,0.91213596
3107,0.9996915,0.00030849362
3108,0.99996805,3.1905012e-05
3109,0.9997205,0.0002795159
3110,6.925761e-06,0.9999931
3111,0.030241145,0.96975887
3112,0.000118892574,0.99988115
3113,3.0129373e-05,0.99996984
3114,2.2003285e-07,0.99999976
3115,0.000106142455,0.9998939
3116,0.00018820362,0.9998118
3117,0.9999958,4.152087e-06
3118,5.5135675e-05,0.9999448
3119,5.7375615e-05,0.99994266
3120,4.4711807e-05,0.9999553
3121,0.00023207797,0.99976796
3122,3.3674266e-06,0.99999666
3123,0.00037522175,0.9996247
3124,0.999556,0.00044398723
3125,0.0031914695,0.99680847
3126,0.00024156307,0.9997584
3127,0.99996066,3.928762e-05
3128,1.7334487e-05,0.9999827
3129,0.9942484,0.005751643
3130,8.63359e-06,0.9999914
3131,0.00024475312,0.9997552
3132,1.7110739e-05,0.99998283
3133,0.998798,0.0012019583
3134,1.5932425e-05,0.999984
3135,0.00014222109,0.9998578
3136,0.0018442351,0.9981558
3137,2.6856682e-05,0.9999732
3138,8.910076e-06,0.99999106
3139,0.9969983,0.0030017335
3140,0.00012612256,0.9998739
3141,0.00046091405,0.99953914
3142,0.99998915,1.0879314e-05
3143,0.9999995,4.425949e-07
3144,0.99997044,2.9545314e-05
3145,0.00018063014,0.99981934
3146,0.00023050299,0.9997695
3147,4.827944e-07,0.9999995
3148,9.773299e-06,0.9999902
3149,3.3766237e-06,0.99999666
3150,0.00041409163,0.9995859
3151,0.9991621,0.0008379127
3152,0.00059909176,0.99940085
3153,0.0012077333,0.9987923
3154,0.99963546,0.00036456436
3155,0.011453654,0.9885464
3156,9.892464e-06,0.9999901
3157,0.0074501527,0.9925498
3158,2.092409e-06,0.99999785
3159,0.99999845,1.5959047e-06
3160,4.627279e-06,0.99999535
3161,5.8337646e-05,0.9999417
3162,0.00017652551,0.9998235
3163,0.999998,2.050671e-06
3164,0.0002470022,0.99975294
3165,0.99999416,5.795439e-06
3166,0.9995696,0.00043035683
3167,0.99988997,0.00010998453
3168,0.0003469525,0.9996531
3169,0.9999846,1.5354122e-05
3170,0.012235869,0.9877642
3171,0.00042263232,0.99957734
3172,4.0213476e-05,0.9999598
3173,0.0003345078,0.9996655
3174,8.663436e-05,0.99991333
3175,0.99992466,7.5291195e-05
3176,0.008673853,0.99132615
3177,1.7927903e-05,0.9999821
3178,0.0031377343,0.9968623
3179,0.0006601838,0.99933976
3180,0.017140409,0.98285955
3181,7.176775e-05,0.99992824
3182,8.996761e-06,0.99999106
3183,0.0028942532,0.9971058
3184,0.00047039535,0.9995296
3185,4.2492717e-05,0.99995756
3186,0.9999939,6.0595653e-06
3187,0.9993773,0.00062270096
3188,0.0025681464,0.9974318
3189,0.9994382,0.0005618053
3190,1.3604424e-05,0.9999864
3191,0.00010945618,0.99989057
3192,2.0906978e-06,0.99999785
3193,4.5580153e-05,0.99995446
3194,0.006928962,0.993071
3195,0.10785312,0.8921469
3196,0.99989474,0.0001053096
3197,0.0047345464,0.9952655
3198,0.00016301268,0.9998369
3199,8.1420585e-05,0.9999186
3200,0.99976474,0.00023520824
3201,7.391317e-05,0.9999261
3202,0.009247235,0.9907528
3203,0.00042187722,0.9995782
3204,0.99988055,0.00011941829
3205,4.279691e-05,0.9999572
3206,0.99999976,2.3060872e-07
3207,0.0025552644,0.99744475
3208,0.9997662,0.00023389042
3209,0.99610883,0.0038911225
3210,0.014047768,0.98595226
3211,0.0008159128,0.9991841
3212,0.0024793101,0.9975206
3213,0.9990239,0.000976143
3214,0.99989116,0.000108852895
3215,1.9934137e-06,0.999998
3216,0.04540393,0.95459604
3217,0.0011647175,0.99883527
3218,0.0006229295,0.9993771
3219,0.02010093,0.97989905
3220,0.00087553234,0.99912447
3221,0.0007288869,0.9992711
3222,0.9999517,4.8227022e-05
3223,0.00051484717,0.99948514
3224,1.9798332e-05,0.9999802
3225,0.0011425322,0.9988575
3226,0.9999695,3.056985e-05
3227,0.9998091,0.00019087757
3228,5.4923094e-05,0.99994504
3229,0.99999917,8.935562e-07
3230,1.5385225e-05,0.9999846
3231,0.00017602481,0.999824
3232,0.00011651944,0.9998834
3233,0.040749867,0.95925015
3234,9.462139e-07,0.99999905
3235,6.2744452e-06,0.9999937
3236,0.0009875388,0.9990125
3237,0.00042319074,0.99957687
3238,4.2775977e-05,0.9999572
3239,0.00089884887,0.99910116
3240,0.0008691545,0.9991309
3241,0.9999987,1.3078449e-06
3242,0.9999442,5.5761524e-05
3243,1.3769283e-06,0.99999857
3244,5.3710214e-06,0.99999464
3245,0.00011376254,0.9998863
3246,0.99974877,0.00025126006
3247,0.012417795,0.9875822
3248,0.9994789,0.0005211523
3249,0.99999976,1.89372e-07
3250,0.00080612896,0.99919385
3251,0.0025043134,0.9974957
3252,0.004175656,0.99582434
3253,2.3667402e-05,0.9999763
3254,9.260975e-05,0.9999074
3255,0.99999964,3.1991698e-07
3256,3.8991384e-06,0.99999607
3257,0.12793288,0.8720671
3258,7.9459576e-05,0.9999205
3259,3.544788e-05,0.9999646
3260,0.9999192,8.0810816e-05
3261,6.9673355e-05,0.99993026
3262,0.99999845,1.5288414e-06
3263,0.9999999,8.996024e-08
3264,0.99950385,0.00049612054
3265,0.0017480869,0.99825186
3266,0.00329584,0.99670416
3267,1.4445739e-06,0.99999857
3268,0.003319541,0.99668044
3269,0.0024391622,0.99756086
3270,0.0001481622,0.9998518
3271,0.9999995,4.180242e-07
3272,0.0006059677,0.99939406
3273,3.4541398e-07,0.99999964
3274,0.9986047,0.0013953416
3275,5.501729e-05,0.9999449
3276,0.99997365,2.6379796e-05
3277,6.287066e-06,0.9999937
3278,7.565274e-07,0.9999993
3279,0.006749003,0.993251
3280,9.01225e-06,0.99999094
3281,0.99999726,2.72101e-06
3282,0.06712952,0.93287045
3283,0.0016268177,0.99837315
3284,7.015202e-06,0.99999297
3285,7.0307884e-05,0.99992967
3286,3.8106757e-06,0.9999962
3287,9.536584e-06,0.99999046
3288,1.9146978e-06,0.9999981
3289,4.9541484e-07,0.9999995
3290,0.0014213216,0.99857867
3291,0.2196505,0.7803495
3292,0.99998844,1.1586971e-05
3293,0.000998247,0.9990018
3294,3.7882022e-05,0.9999621
3295,0.0012111836,0.9987889
3296,0.00013351317,0.9998665
3297,0.0019453282,0.99805474
3298,0.00016951983,0.9998305
3299,0.99997544,2.453812e-05
3300,0.9999887,1.13384185e-05
3301,0.99999714,2.86641e-06
3302,0.9999485,5.1543222e-05
3303,0.00046078092,0.99953926
3304,0.9998456,0.00015439268
3305,0.00026696155,0.99973303
3306,0.9995517,0.00044832053
3307,1.0,6.9869577e-09
3308,0.9999522,4.780093e-05
3309,1.8401131e-05,0.99998164
3310,0.0018249246,0.998175
3311,0.99969876,0.00030126394
3312,0.9998324,0.00016761821
3313,0.00079948036,0.9992005
3314,0.9997553,0.00024464392
3315,2.6716363e-05,0.9999733
3316,6.8063364e-06,0.9999932
3317,0.10418398,0.8958161
3318,0.00028838802,0.9997116
3319,0.9999999,8.026435e-08
3320,0.0002292421,0.9997708
3321,0.9997588,0.00024127858
3322,5.108388e-05,0.99994886
3323,0.99998415,1.5912596e-05
3324,0.09923249,0.9007675
3325,0.9999995,4.28284e-07
3326,0.0013281514,0.9986719
3327,3.5677037e-06,0.9999964
3328,0.00043750493,0.99956244
3329,5.354114e-05,0.9999465
3330,1.8979214e-06,0.9999981
3331,1.4114351e-05,0.99998593
3332,5.9441e-05,0.9999405
3333,7.368312e-05,0.9999263
3334,0.00039507495,0.999605
3335,0.27393472,0.72606534
3336,0.0006314862,0.9993685
3337,0.00012405525,0.9998759
3338,4.982541e-05,0.9999502
3339,0.00010668197,0.9998933
3340,0.022921355,0.9770786
3341,0.0016790384,0.998321
3342,2.810998e-05,0.99997187
3343,0.004266652,0.9957333
3344,3.713978e-05,0.9999628
3345,0.99999547,4.5501565e-06
3346,0.99997735,2.2693292e-05
3347,5.719089e-06,0.9999943
3348,0.00040644815,0.99959356
3349,0.024230948,0.975769
3350,0.999948,5.1958657e-05
3351,0.04560648,0.95439357
3352,0.9999722,2.7725488e-05
3353,0.00089565915,0.9991043
3354,0.015337288,0.98466265
3355,9.707061e-06,0.99999034
3356,0.99998355,1.6431473e-05
3357,0.02434672,0.97565323
3358,0.9999726,2.7457916e-05
3359,1.4410072e-05,0.9999856
3360,0.00017428274,0.9998258
3361,0.010047932,0.989952
3362,8.094161e-06,0.9999919
3363,2.4158146e-06,0.9999976
3364,0.0005814922,0.9994185
3365,0.00026265244,0.9997373
3366,4.4099106e-06,0.9999956
3367,0.0010806555,0.99891937
3368,0.0002849243,0.99971503
3369,0.99989724,0.0001027975
3370,0.00030967084,0.9996903
3371,0.00037668942,0.9996233
3372,0.9999751,2.4883133e-05
3373,0.9996946,0.00030542025
3374,4.3180873e-05,0.99995685
3375,0.9998728,0.00012721567
3376,0.99999905,9.2964854e-07
3377,0.9999999,7.77013e-08
3378,0.00017893752,0.9998211
3379,5.885334e-06,0.99999416
3380,1.2027781e-05,0.99998796
3381,0.11160891,0.8883911
3382,0.9329632,0.06703685
3383,1.4389789e-05,0.9999856
3384,0.0034637658,0.99653625
3385,0.9999807,1.9310262e-05
3386,2.2368951e-05,0.9999776
3387,0.01497679,0.98502314
3388,9.225178e-07,0.99999905
3389,8.782219e-06,0.9999912
3390,2.060577e-06,0.999998
3391,0.0002242117,0.9997758
3392,2.9867008e-06,0.999997
3393,0.83999676,0.16000326
3394,0.99999976,2.939472e-07
3395,0.89927787,0.100722164
3396,0.038961373,0.9610386
3397,0.9999896,1.04162045e-05
3398,0.023519404,0.9764806
3399,0.9996692,0.00033078724
3400,6.552678e-05,0.99993443
3401,0.9999629,3.712548e-05
3402,0.0002866299,0.99971336
3403,1.1824203e-05,0.9999882
3404,0.08320797,0.9167921
3405,0.9998299,0.00017004629
3406,0.0011146936,0.99888533
3407,0.00091127347,0.99908876
3408,0.011117005,0.98888296
3409,1.0281431e-05,0.99998975
3410,2.3404987e-06,0.9999976
3411,0.018693209,0.9813068
3412,0.255713,0.744287
3413,8.924601e-06,0.99999106
3414,0.004415883,0.9955842
3415,8.844517e-06,0.9999912
3416,3.3072472e-05,0.999967
3417,1.4218713e-06,0.99999857
3418,9.734388e-06,0.9999902
3419,0.999806,0.00019400772
3420,0.015412881,0.9845871
3421,0.00014367876,0.99985635
3422,0.99897987,0.0010200959
3423,0.00012227971,0.9998777
3424,0.9999999,1.6814641e-07
3425,2.2556413e-05,0.99997747
3426,2.0006999e-05,0.99998
3427,1.7153725e-05,0.99998283
3428,0.00010000543,0.9999
3429,5.1394063e-06,0.9999949
3430,1.1499652e-05,0.99998856
3431,0.9999943,5.7119646e-06
3432,0.999997,2.9618418e-06
3433,9.02772e-05,0.99990976
3434,0.000413375,0.99958664
3435,0.99626863,0.003731357
3436,0.042948183,0.9570518
3437,0.9993343,0.00066568196
3438,3.1409852e-06,0.9999969
3439,0.0022684713,0.9977315
3440,0.99991655,8.3448285e-05
3441,1.6103859e-06,0.99999833
3442,4.911949e-05,0.9999509
3443,0.9782843,0.021715706
3444,0.4831194,0.51688063
3445,0.014165592,0.9858344
3446,0.0001823301,0.99981767
3447,0.0038001323,0.9961999
3448,0.0002736802,0.99972636
3449,0.016894514,0.9831055
3450,1.0413284e-05,0.9999896
3451,9.3629315e-05,0.9999064
3452,0.006440363,0.9935596
3453,0.83942246,0.16057752
3454,0.9999062,9.375358e-05
3455,0.99671614,0.0032838818
3456,0.02659465,0.97340536
3457,0.004664361,0.99533564
3458,1.0,8.692309e-09
3459,0.9983777,0.0016222617
3460,2.2947363e-07,0.99999976
3461,0.00020441393,0.9997956
3462,0.00023900911,0.99976104
3463,0.0032101963,0.99678975
3464,4.5101504e-05,0.99995494
3465,0.001366967,0.99863297
3466,0.03623394,0.96376604
3467,1.9247458e-05,0.9999808
3468,0.9974848,0.0025151742
3469,0.00036192354,0.9996381
3470,0.25661585,0.7433841
3471,0.9999844,1.5649548e-05
3472,7.474858e-05,0.99992526
3473,0.0011087165,0.9988913
3474,0.004635677,0.9953643
3475,2.0363223e-05,0.9999796
3476,0.088463396,0.91153663
3477,0.9999995,4.845223e-07
3478,2.07352e-05,0.99997926
3479,0.0020995634,0.9979005
3480,0.00014185351,0.99985814
3481,6.914456e-06,0.9999931
3482,0.0075271167,0.9924729
3483,0.99999976,1.8802324e-07
3484,0.001533466,0.9984666
3485,2.2565896e-06,0.99999774
3486,0.00041238827,0.9995876
3487,0.9961437,0.0038562352
3488,5.8396568e-06,0.99999416
3489,0.014968801,0.9850311
3490,0.9999995,4.4113395e-07
3491,0.00092490617,0.99907506
3492,7.111645e-05,0.99992883
3493,0.9999999,6.7535616e-08
3494,0.99969256,0.0003074328
3495,2.3305553e-07,0.99999976
3496,0.0006042568,0.9993957
3497,1.0931417e-05,0.99998903
3498,0.99942267,0.00057733874
3499,0.99996924,3.0772313e-05
3500,0.0001841842,0.9998159
3501,1.1518223e-05,0.99998844
3502,3.252536e-05,0.99996746
3503,0.05811096,0.94188905
3504,1.8059113e-06,0.9999982
3505,0.996092,0.0039080167
3506,0.0006090327,0.99939096
3507,7.640944e-07,0.9999993
3508,8.754708e-06,0.9999913
3509,0.9998691,0.00013089755
3510,0.0006422051,0.99935776
3511,0.99999046,9.4921415e-06
3512,1.4054203e-05,0.99998593
3513,0.0058124103,0.9941876
3514,2.713715e-05,0.9999728
3515,9.4168696e-05,0.9999058
3516,0.00013978462,0.99986017
3517,0.0015823465,0.9984176
3518,0.99842286,0.0015771474
3519,2.4728732e-05,0.9999753
3520,7.5003416e-05,0.999925
3521,0.00040644815,0.99959356
3522,0.0008024938,0.99919754
3523,0.99999905,9.802261e-07
3524,0.00013671514,0.99986327
3525,0.013604452,0.9863956
3526,3.3262103e-07,0.99999964
3527,6.8185385e-05,0.9999318
3528,0.00016624377,0.9998337
3529,0.0002065534,0.99979347
3530,0.0037667786,0.99623317
3531,0.9978623,0.0021377292
3532,9.2743505e-08,0.9999999
3533,0.29373083,0.7062692
3534,0.99998355,1.6435877e-05
3535,0.99999,1.003749e-05
3536,8.22495e-06,0.9999918
3537,0.018258832,0.98174113
3538,0.004184862,0.9958151
3539,2.2280323e-05,0.9999777
3540,1.8716554e-06,0.9999981
3541,0.00035326157,0.9996468
3542,0.00023271634,0.99976724
3543,0.00020473343,0.99979526
3544,0.999992,8.0128275e-06
3545,0.9942492,0.0057508056
3546,0.026112566,0.9738875
3547,2.6191514e-05,0.9999738
3548,2.6538255e-05,0.9999734
3549,1.022156e-05,0.99998975
3550,0.019815583,0.9801844
3551,0.005296916,0.9947031
3552,2.1879332e-05,0.99997807
3553,0.0006019991,0.999398
3554,4.9631603e-06,0.999995
3555,0.015363214,0.9846368
3556,0.9999124,8.756075e-05
3557,0.0044689383,0.99553114
3558,0.99953926,0.00046079193
3559,4.605035e-05,0.999954
3560,0.087247446,0.91275257
3561,0.00051484717,0.99948514
3562,0.99998283,1.721456e-05
3563,1.153025e-06,0.9999988
3564,0.9999933,6.677403e-06
3565,0.010467767,0.98953223
3566,2.8991783e-05,0.99997103
3567,0.14662313,0.8533769
3568,1.9260237e-05,0.9999807
3569,1.629005e-06,0.99999833
3570,0.9999386,6.133897e-05
3571,0.00030610323,0.9996939
3572,0.00020120724,0.99979883
3573,2.3354096e-05,0.99997663
3574,2.5713211e-06,0.9999974
3575,3.4837183e-07,0.99999964
3576,0.9999995,4.406714e-07
3577,1.5377407e-05,0.9999846
3578,0.999997,3.0118026e-06
3579,0.99777406,0.0022259292
3580,4.3307726e-05,0.9999567
3581,1.694327e-06,0.99999833
3582,1.0110861e-05,0.99998987
3583,1.8455137e-05,0.9999815
3584,7.006677e-06,0.99999297
3585,9.521944e-06,0.99999046
3586,0.06618613,0.93381387
3587,7.3317875e-05,0.9999267
3588,0.99856585,0.0014342279
3589,0.002097038,0.997903
3590,0.9998079,0.00019217584
3591,0.9999993,6.688198e-07
3592,0.0013880433,0.9986119
3593,5.0317652e-05,0.9999497
3594,0.9990877,0.0009122725
3595,0.00050369627,0.99949634
3596,4.331705e-07,0.9999995
3597,0.99999416,5.8643855e-06
3598,1.4862443e-05,0.9999851
3599,0.0017223827,0.99827766
3600,3.0323574e-06,0.999997
3601,0.00017873255,0.99982125
3602,0.99998164,1.8350365e-05
3603,0.99998915,1.0834151e-05
3604,8.347472e-06,0.99999166
3605,0.99998677,1.3241311e-05
3606,2.1446783e-06,0.99999785
3607,4.961749e-05,0.9999504
3608,0.00010921534,0.9998908
3609,4.304815e-05,0.99995697
3610,0.99996436,3.563742e-05
3611,1.0,5.214341e-08
3612,0.0056363526,0.99436367
3613,0.0013276321,0.99867237
3614,1.2756403e-05,0.99998724
3615,9.062567e-07,0.99999905
3616,0.040241357,0.95975864
3617,0.9999335,6.647678e-05
3618,0.021838343,0.9781617
3619,0.00062968396,0.9993704
3620,0.00027763995,0.9997223
3621,8.54884e-06,0.9999914
3622,0.008550712,0.9914493
3623,2.6990477e-07,0.99999976
3624,2.1059757e-05,0.9999789
3625,0.00010249221,0.9998975
3626,8.9340284e-07,0.99999917
3627,2.8643058e-06,0.99999714
3628,1.2711567e-05,0.99998724
3629,0.000112218375,0.9998878
3630,5.8633736e-06,0.99999416
3631,2.1013297e-05,0.999979
3632,0.0007405903,0.9992594
3633,0.0077847014,0.99221534
3634,9.5157055e-05,0.9999049
3635,2.6927179e-05,0.99997306
3636,0.9998512,0.00014872469
3637,4.4762675e-07,0.9999995
3638,8.12591e-06,0.9999919
3639,5.3776025e-06,0.99999464
3640,0.9996325,0.0003675177
3641,7.1113504e-06,0.99999285
3642,1.0787356e-05,0.9999893
3643,0.9974458,0.0025542525
3644,1.551018e-05,0.9999845
3645,0.0022297238,0.9977703
3646,0.0081117125,0.99188834
3647,0.99975437,0.00024564052
3648,5.5926346e-05,0.9999441
3649,4.4983983e-05,0.99995506
3650,0.00017381308,0.99982625
3651,0.43972403,0.560276
3652,0.0010054556,0.9989945
3653,0.9999243,7.5663746e-05
3654,1.0603082e-05,0.9999894
3655,0.00010580562,0.99989414
3656,0.9999968,3.1869968e-06
3657,0.9999968,3.2572798e-06
3658,0.9999962,3.8028702e-06
3659,0.02480576,0.9751942
3660,0.0026877618,0.9973123
3661,0.9999999,9.7550945e-08
3662,0.00019673674,0.99980325
3663,0.99993336,6.6574474e-05
3664,1.0,1.9129025e-09
3665,0.99984324,0.00015678086
3666,4.2007414e-05,0.99995804
3667,0.99999845,1.5630503e-06
3668,6.8340694e-07,0.9999993
3669,0.029732823,0.9702672
3670,0.0045259306,0.99547404
3671,4.4235654e-05,0.9999558
3672,0.0011540167,0.99884593
3673,2.8856864e-06,0.99999714
3674,0.99997735,2.2662625e-05
3675,9.090135e-06,0.99999094
3676,4.636803e-06,0.99999535
3677,0.0013094821,0.99869055
3678,0.005544291,0.99445575
3679,0.000104542385,0.99989545
3680,0.99570423,0.0042957496
3681,2.9950636e-06,0.999997
3682,6.112258e-05,0.99993885
3683,0.00513967,0.99486035
3684,0.011968804,0.98803115
3685,0.9999001,9.993318e-05
3686,6.081995e-05,0.9999392
3687,0.06746241,0.93253756
3688,3.2099074e-06,0.9999968
3689,0.0008961825,0.99910384
3690,0.0014838907,0.99851614
3691,2.330556e-06,0.9999976
3692,0.0003549547,0.999645
3693,0.001184754,0.9988153
3694,5.9300555e-06,0.99999404
3695,0.09769854,0.90230143
3696,1.6455733e-05,0.99998355
3697,0.07770323,0.92229676
3698,4.0205e-05,0.9999598
3699,1.5765414e-05,0.99998426
3700,0.99953043,0.0004695898
3701,0.00016017577,0.9998398
3702,4.619977e-06,0.99999535
3703,3.1311407e-07,0.99999964
3704,1.1394199e-05,0.99998856
3705,0.9958768,0.00412324
3706,1.1384176e-06,0.9999988
3707,7.1328765e-07,0.9999993
3708,0.9999471,5.288526e-05
3709,0.99321705,0.0067829057
3710,0.00021785723,0.99978215
3711,0.009159971,0.99084
3712,4.246906e-05,0.99995756
3713,3.0382625e-06,0.999997
3714,6.0450635e-05,0.99993956
3715,6.479214e-05,0.99993515
3716,0.010872827,0.9891272
3717,0.001278601,0.9987214
3718,0.99995065,4.9394566e-05
3719,0.9706343,0.029365735
3720,0.99191296,0.008086999
3721,0.0005567322,0.99944323
3722,5.249009e-06,0.99999475
3723,0.00090102863,0.999099
3724,0.0004617018,0.9995383
3725,0.01978944,0.9802106
3726,0.0024124954,0.99758756
3727,0.00044895217,0.999551
3728,0.0003269565,0.999673
3729,0.99923146,0.00076854374
3730,0.999926,7.4030555e-05
3731,0.9999863,1.37309735e-05
3732,0.9999974,2.5865306e-06
3733,0.99994266,5.7394987e-05
3734,0.99999905,9.936533e-07
3735,0.00015469313,0.99984527
3736,0.49005264,0.50994736
3737,0.9998797,0.00012029766
3738,0.04410899,0.955891
3739,0.00017716039,0.9998229
3740,0.9999999,6.634606e-08
3741,0.00025685603,0.99974316
3742,6.399925e-05,0.999936
3743,7.054988e-07,0.9999993
3744,2.7188336e-05,0.9999728
3745,0.0011789617,0.99882096
3746,0.0010347901,0.99896526
3747,6.604351e-06,0.99999344
3748,0.06407669,0.93592334
3749,8.253863e-05,0.9999175
3750,0.023781622,0.97621834
3751,4.5224595e-05,0.9999548
3752,0.14178242,0.85821754
3753,7.346163e-05,0.99992657
3754,4.0758428e-06,0.99999595
3755,0.99999976,2.0525636e-07
3756,0.308864,0.691136
3757,8.306742e-06,0.99999166
3758,5.2282337e-07,0.9999995
3759,5.327086e-05,0.9999467
3760,0.0010963451,0.99890363
3761,0.9999932,6.7562164e-06
3762,0.0006457852,0.9993542
3763,0.001280476,0.9987196
3764,0.0002134534,0.99978656
3765,0.0003997619,0.99960023
3766,0.00046854265,0.9995315
3767,1.7076589e-05,0.99998295
3768,4.2130428e-06,0.9999958
3769,0.0037836237,0.99621636
3770,0.999899,0.00010092348
3771,0.999923,7.6949276e-05
3772,6.138064e-05,0.9999386
3773,0.00023771639,0.99976224
3774,0.9665403,0.033459663
3775,0.00053866295,0.99946135
3776,0.00018850192,0.9998115
3777,2.2862245e-05,0.9999771
3778,0.030124368,0.9698757
3779,0.00032582294,0.9996742
3780,8.9010275e-05,0.99991095
3781,2.4145631e-05,0.9999758
3782,1.0,3.6596965e-08
3783,6.710215e-06,0.9999933
3784,0.002462489,0.9975375
3785,0.00348609,0.9965139
3786,1.0,5.802302e-08
3787,0.0010232939,0.9989767
3788,0.99997985,2.0195474e-05
3789,0.9994998,0.0005001475
3790,0.0329472,0.9670528
3791,0.02108117,0.97891885
3792,0.9995121,0.0004879199
3793,6.0190974e-05,0.9999398
3794,0.011565986,0.988434
3795,1.0,3.602044e-08
3796,1.030111e-05,0.99998975
3797,0.00031117306,0.99968886
3798,4.9221147e-05,0.99995077
3799,1.0178663e-05,0.99998987
3800,0.9999814,1.8608982e-05
3801,0.10734142,0.8926586
3802,0.00037449363,0.99962544
3803,0.9999478,5.2161406e-05
3804,0.00012401622,0.999876
3805,0.99999917,8.1138387e-07
3806,0.9999993,6.576737e-07
3807,0.00066837703,0.9993316
3808,4.252036e-05,0.99995744
3809,0.99999964,2.9861712e-07
3810,1.0,4.5832714e-08
3811,0.00057335704,0.9994267
3812,5.262698e-06,0.99999475
3813,2.0235824e-05,0.99997973
3814,0.0007819843,0.999218
3815,2.3876832e-05,0.99997616
3816,0.0007369863,0.999263
3817,5.249009e-06,0.99999475
3818,0.0003975986,0.9996024
3819,0.9974989,0.0025010398
3820,0.99889,0.0011099856
3821,0.00023690819,0.9997631
3822,0.024068933,0.9759311
3823,1.6427464e-06,0.99999833
3824,0.00011371654,0.9998863
3825,0.99998975,1.0274315e-05
3826,1.4351814e-05,0.9999857
3827,1.843737e-05,0.9999815
3828,0.999881,0.00011896923
3829,0.9998988,0.00010121281
3830,0.0999097,0.90009034
3831,0.031498842,0.96850115
3832,9.777271e-06,0.9999902
3833,1.269971e-06,0.9999987
3834,0.00022042428,0.99977964
3835,2.481543e-05,0.9999752
3836,0.27000058,0.7299994
3837,0.9999995,4.7116274e-07
3838,0.006316334,0.9936837
3839,1.7038701e-05,0.99998295
3840,0.9991285,0.00087147485
3841,0.004019054,0.995981
3842,0.005591966,0.994408
3843,0.9951427,0.0048573674
3844,4.504501e-07,0.9999995
3845,2.8927378e-05,0.99997103
3846,0.99970406,0.00029587274
3847,9.2626266e-07,0.99999905
3848,0.00018761952,0.9998124
3849,0.0014411362,0.9985588
3850,0.00042144468,0.99957854
3851,5.4001166e-06,0.99999464
3852,0.99992335,7.659033e-05
3853,4.113933e-06,0.9999958
3854,0.014771252,0.9852288
3855,3.168725e-06,0.9999968
3856,1.1835698e-05,0.9999882
3857,4.9029826e-05,0.999951
3858,8.989647e-05,0.9999101
3859,8.596266e-06,0.9999914
3860,1.0,3.6215884e-08
3861,0.0010181158,0.9989819
3862,0.00038701674,0.999613
3863,0.9999715,2.8532115e-05
3864,0.0035280641,0.996472
3865,0.28027806,0.7197219
3866,0.0001178857,0.9998821
3867,0.9999919,8.087803e-06
3868,0.9999974,2.581528e-06
3869,0.9989519,0.0010480338
3870,0.99999905,9.640779e-07
3871,6.669902e-05,0.99993324
3872,0.00013629408,0.99986374
3873,0.9998815,0.000118474956
3874,1.8222619e-06,0.9999982
3875,0.9999585,4.1524487e-05
3876,0.00017689705,0.99982315
3877,0.999923,7.701483e-05
3878,5.7940288e-05,0.99994206
3879,0.00025229494,0.9997477
3880,0.00018448387,0.9998155
3881,3.24619e-05,0.9999676
3882,0.006368038,0.993632
3883,3.822131e-05,0.99996173
3884,3.288923e-05,0.9999671
3885,3.3766364e-06,0.99999666
3886,2.6255888e-05,0.9999738
3887,1.1201344e-05,0.9999888
3888,0.99564433,0.004355696
3889,0.9999839,1.607991e-05
3890,0.9999989,1.03062e-06
3891,0.9999995,4.456916e-07
3892,0.0018671394,0.9981329
3893,0.9999814,1.8611077e-05
3894,3.5555473e-05,0.9999645
3895,6.4966607e-06,0.99999356
3896,1.1410499e-05,0.99998856
3897,0.0007620183,0.999238
3898,0.9964748,0.0035251717
3899,7.300574e-05,0.99992704
3900,0.003948185,0.99605185
3901,0.00039462265,0.99960536
3902,0.00231408,0.9976859
3903,1.9414438e-06,0.9999981
3904,0.000520792,0.99947923
3905,0.00074672885,0.9992532
3906,0.0017915468,0.9982084
3907,0.00064019335,0.9993598
3908,1.9366323e-06,0.9999981
3909,0.0033355972,0.99666435
3910,3.6493846e-05,0.9999635
3911,4.8822614e-05,0.9999511
3912,0.9997894,0.00021054411
3913,0.01696821,0.98303175
3914,2.8440536e-05,0.9999715
3915,0.9999975,2.5588067e-06
3916,0.999466,0.00053395133
3917,3.094198e-05,0.999969
3918,0.027269747,0.9727303
3919,3.3629785e-06,0.99999666
3920,0.999729,0.00027095948
3921,0.0009045329,0.99909544
3922,0.001782725,0.9982173
3923,0.99999976,1.8812834e-07
3924,1.1558324e-06,0.9999988
3925,0.013362815,0.9866371
3926,0.002589958,0.99741
3927,0.0027872107,0.9972128
3928,0.99908674,0.0009132356
3929,0.99749976,0.002500267
3930,0.0033933613,0.9966067
3931,6.0255484e-06,0.9999939
3932,2.9348628e-05,0.9999707
3933,0.9999602,3.976398e-05
3934,0.99996114,3.889074e-05
3935,2.5892754e-05,0.99997413
3936,0.2601642,0.73983586
3937,0.0005409979,0.99945897
3938,0.18466222,0.8153377
3939,6.4661726e-05,0.9999354
3940,0.999814,0.00018610152
3941,0.999985,1.4960835e-05
3942,0.9999964,3.6109982e-06
3943,0.005842289,0.9941577
3944,7.13372e-05,0.9999287
3945,0.9999988,1.2513485e-06
3946,0.00012926792,0.99987066
3947,0.9999207,7.9211655e-05
3948,0.99999666,3.3966676e-06
3949,6.826612e-05,0.9999317
3950,0.99999917,8.662238e-07
3951,0.00074755686,0.9992524
3952,5.054924e-06,0.999995
3953,3.373671e-05,0.99996626
3954,0.0025962438,0.9974037
3955,1.2139155e-05,0.99998784
3956,0.012648569,0.9873515
3957,0.99999464,5.4144375e-06
3958,0.0002677456,0.9997322
3959,0.00012394565,0.999876
3960,0.0071448255,0.99285525
3961,0.00045273663,0.9995472
3962,0.007885487,0.99211454
3963,0.00028388147,0.9997161
3964,0.9999999,7.368365e-08
3965,3.7727725e-05,0.99996233
3966,0.99999607,3.8923727e-06
3967,0.0005514107,0.9994486
3968,5.7289824e-05,0.99994266
3969,0.99999964,3.1912958e-07
3970,0.00074371847,0.9992563
3971,0.00040876595,0.9995913
3972,0.99313676,0.006863222
3973,0.0015273774,0.99847263
3974,0.00019743222,0.99980253
3975,9.230071e-07,0.99999905
3976,0.0012358174,0.99876416
3977,0.00031236143,0.9996877
3978,8.863802e-07,0.99999917
3979,0.07771078,0.92228925
3980,7.141343e-05,0.9999286
3981,0.011143867,0.98885614
3982,0.0025332046,0.9974668
3983,0.0003476466,0.9996524
3984,0.99999857,1.4725008e-06
3985,0.0027186624,0.9972813
3986,0.0067255627,0.99327445
3987,0.00023837824,0.99976164
3988,0.0016665523,0.9983335
3989,0.0008525365,0.9991474
3990,1.0672977e-06,0.9999989
3991,0.00013355925,0.99986637
3992,3.441488e-05,0.99996555
3993,0.00031210599,0.9996879
3994,7.862606e-06,0.99999213
3995,0.9997003,0.00029970435
3996,0.00020048127,0.99979955
3997,0.00019240574,0.99980766
3998,7.2015955e-06,0.99999285
3999,0.9999298,7.015351e-05
4000,1.2179242e-05,0.99998784
4001,0.00035678776,0.9996432
4002,0.000119593904,0.99988043
4003,0.99979514,0.00020486582
4004,0.0022100147,0.99779
4005,0.9999908,9.171561e-06
4006,0.0076046963,0.9923953
4007,0.99999094,9.033178e-06
4008,0.00010433594,0.9998957
4009,0.9998367,0.00016332215
4010,0.0001457676,0.9998542
4011,4.574959e-05,0.9999542
4012,0.043889116,0.9561109
4013,0.9999875,1.2500539e-05
4014,2.1273157e-05,0.9999788
4015,0.01011346,0.9898865
4016,8.670544e-05,0.99991333
4017,0.9999763,2.3696039e-05
4018,0.00011061708,0.9998894
4019,1.8585217e-05,0.9999814
4020,0.002851814,0.9971482
4021,1.4344342e-06,0.99999857
4022,0.0012857327,0.9987143
4023,0.99905163,0.00094838906
4024,1.0,2.9683118e-08
4025,0.00017471533,0.9998253
4026,7.396498e-07,0.9999993
4027,9.021116e-07,0.99999905
4028,6.4108094e-06,0.99999356
4029,0.074181564,0.9258185
4030,7.066489e-07,0.9999993
4031,0.0018480425,0.99815196
4032,0.998175,0.0018249386
4033,0.017492462,0.9825075
4034,0.0044405223,0.99555945
4035,0.00040535425,0.9995946
4036,0.00048718837,0.9995128
4037,0.00024100704,0.999759
4038,0.17666833,0.8233317
4039,0.00036051785,0.9996395
4040,0.098914035,0.90108603
4041,0.0025185894,0.9974814
4042,0.03205406,0.967946
4043,3.0206938e-05,0.99996984
4044,2.6704009e-05,0.9999733
4045,0.00010861732,0.9998914
4046,0.9997975,0.00020252282
4047,4.1272094e-07,0.99999964
4048,6.740449e-06,0.9999932
4049,0.00026960997,0.9997304
4050,0.00012426551,0.99987566
4051,2.863847e-06,0.99999714
4052,1.1202701e-05,0.9999888
4053,0.9999509,4.9133734e-05
4054,0.9984869,0.0015130579
4055,2.4411884e-06,0.9999976
4056,0.000116786185,0.9998832
4057,3.1966592e-05,0.99996805
4058,0.00023036171,0.9997696
4059,1.1292922e-05,0.9999887
4060,2.5622762e-07,0.99999976
4061,0.9996654,0.00033467435
4062,0.0011485963,0.9988514
4063,0.00013487812,0.99986506
4064,3.7655976e-05,0.99996233
4065,0.004752353,0.99524766
4066,0.18369156,0.8163084
4067,0.99993265,6.730871e-05
4068,9.1345855e-06,0.9999908
4069,1.9640778e-05,0.99998033
4070,0.00016340485,0.99983656
4071,0.99993384,6.6188215e-05
4072,0.012514224,0.9874858
4073,0.00058249466,0.99941754
4074,0.9996246,0.00037540565
4075,1.2821493e-05,0.9999871
4076,0.022172924,0.977827
4077,1.41813525e-05,0.9999858
4078,0.0001316938,0.9998683
4079,0.9999801,1.9858388e-05
4080,0.00021464936,0.99978536
4081,4.500149e-05,0.99995494
4082,0.00011205851,0.99988794
4083,0.019228999,0.980771
4084,1.2718042e-05,0.99998724
4085,5.1442017e-05,0.9999485
4086,0.000417589,0.99958247
4087,0.0023719054,0.99762815
4088,4.8965343e-05,0.999951
4089,2.0304944e-06,0.999998
4090,0.011352276,0.98864776
4091,0.9933582,0.0066417446
4092,0.00012221864,0.9998778
4093,1.3229328e-07,0.9999999
4094,0.004134282,0.9958657
4095,2.7508852e-06,0.99999726
4096,1.1420527e-06,0.9999988
4097,0.00017238375,0.9998276
4098,0.003068696,0.9969313
4099,0.999943,5.6974215e-05
4100,6.848372e-06,0.9999932
4101,1.0767668e-06,0.9999989
4102,0.0010349615,0.998965
4103,0.99142706,0.00857297
4104,0.00010168674,0.9998983
4105,1.2009888e-05,0.99998796
4106,0.0005882199,0.9994118
4107,1.8748404e-05,0.9999813
4108,2.4491994e-05,0.99997556
4109,0.99997234,2.767176e-05
4110,9.0835994e-05,0.99990916
4111,0.010499916,0.9895001
4112,1.2660336e-06,0.9999987
4113,0.042783786,0.9572162
4114,0.0001997219,0.99980026
4115,0.00079347246,0.9992066
4116,0.99999034,9.66504e-06
4117,0.007761579,0.99223846
4118,0.0033762755,0.99662375
4119,0.07150653,0.9284935
4120,0.9998134,0.0001866761
4121,0.030733276,0.9692667
4122,9.1571506e-05,0.99990845
4123,0.0003199406,0.99968004
4124,0.99958974,0.00041022824
4125,0.99994385,5.613318e-05
4126,0.0008678102,0.9991322
4127,0.024998588,0.9750014
4128,1.3950953e-05,0.99998605
4129,0.9986945,0.0013055551
4130,0.036161657,0.96383834
4131,5.4847882e-05,0.99994516
4132,0.005680588,0.99431944
4133,2.0185817e-06,0.999998
4134,0.99999905,9.455888e-07
4135,0.00051484816,0.99948514
4136,1.01503665e-05,0.99998987
4137,0.015190013,0.98481005
4138,0.99604154,0.0039585237
4139,0.99999845,1.5620355e-06
4140,0.99999964,3.5266225e-07
4141,0.0008606336,0.9991393
4142,0.0003011499,0.9996989
4143,1.081758e-05,0.99998915
4144,0.99998546,1.45885415e-05
4145,0.004687169,0.9953128
4146,0.9974299,0.002570131
4147,0.00043245006,0.99956757
4148,0.0019873143,0.99801266
4149,3.7789553e-06,0.9999962
4150,0.059750028,0.94025004
4151,8.417437e-05,0.99991584
4152,1.79709e-05,0.999982
4153,0.9999745,2.5458e-05
4154,0.00020598227,0.99979407
4155,0.052336976,0.947663
4156,0.0033860996,0.9966139
4157,0.0011186039,0.9988814
4158,0.9999405,5.944735e-05
4159,2.5939957e-05,0.999974
4160,3.3371292e-05,0.9999666
4161,2.811671e-05,0.99997187
4162,0.03804684,0.9619532
4163,0.002408079,0.997592
4164,0.999969,3.095308e-05
4165,2.3195018e-05,0.99997675
4166,8.0666505e-06,0.9999919
4167,0.00015080707,0.9998492
4168,0.00032285455,0.9996772
4169,0.00031988905,0.99968016
4170,1.6030654e-05,0.999984
4171,0.0008137795,0.9991862
4172,0.000114073206,0.9998859
4173,0.99999774,2.24478e-06
4174,0.0045050858,0.99549496
4175,0.00058970856,0.9994103
4176,1.2950782e-06,0.9999987
4177,0.7466228,0.25337723
4178,0.00034155283,0.99965847
4179,2.0744297e-05,0.99997926
4180,0.16302273,0.83697724
4181,8.800018e-06,0.9999912
4182,0.0047895843,0.99521047
4183,1.9584391e-07,0.99999976
4184,1.7648649e-06,0.9999982
4185,0.0017006042,0.9982994
4186,0.9998733,0.00012668737
4187,0.00012918242,0.9998708
4188,0.00020141609,0.9997986
4189,0.23949416,0.76050586
4190,0.0058807936,0.9941193
4191,8.380642e-05,0.9999162
4192,1.7660635e-05,0.99998236
4193,0.00010407231,0.99989593
4194,4.644542e-05,0.9999535
4195,0.9999993,7.117526e-07
4196,0.00020330443,0.9997967
4197,0.9872279,0.012772023
4198,5.489154e-06,0.9999945
4199,0.99994564,5.430236e-05
4200,0.0014401848,0.9985598
4201,9.468302e-06,0.9999906
4202,4.9986916e-06,0.999995
4203,3.9764022e-06,0.99999607
4204,0.99268615,0.007313841
4205,0.9999658,3.4193472e-05
4206,0.00030170253,0.9996983
4207,0.99999034,9.686401e-06
4208,0.0005750739,0.99942493
4209,1.9243826e-05,0.9999808
4210,1.3493393e-05,0.9999865
4211,0.9999796,2.033551e-05
4212,0.0017087676,0.9982912
4213,6.4960786e-06,0.99999356
4214,0.00015974429,0.99984026
4215,2.3489543e-05,0.9999765
4216,0.0020188333,0.99798125
4217,0.0002922467,0.99970776
4218,0.1202296,0.8797704
4219,1.6355698e-05,0.99998367
4220,0.9999893,1.0770836e-05
4221,0.00038842438,0.99961156
4222,0.01299851,0.98700154
4223,0.9999826,1.7421493e-05
4224,9.621155e-06,0.99999034
4225,1.4479667e-05,0.9999856
4226,0.0007620833,0.9992379
4227,8.943346e-06,0.99999106
4228,0.013054839,0.9869452
4229,0.000103912455,0.99989605
4230,4.727173e-06,0.99999523
4231,0.9909134,0.009086569
4232,0.004623222,0.9953767
4233,1.7039978e-06,0.99999833
4234,0.00025971505,0.9997403
4235,0.024435231,0.9755647
4236,0.0002511796,0.99974877
4237,1.2548044e-06,0.9999987
4238,0.9998342,0.0001658195
4239,0.0001278968,0.9998721
4240,0.00018936174,0.99981064
4241,3.2970897e-06,0.99999666
4242,0.00039318108,0.9996068
4243,0.99999774,2.292025e-06
4244,1.0,3.674826e-08
4245,0.0358318,0.96416813
4246,0.9999957,4.3070654e-06
4247,0.056288257,0.9437117
4248,1.37847655e-05,0.9999862
4249,1.7076132e-05,0.99998295
4250,0.011028445,0.98897153
4251,0.9999937,6.3204848e-06
4252,2.0159356e-05,0.99997985
4253,0.9998273,0.00017265715
4254,0.026469143,0.9735309
4255,0.0035948392,0.99640524
4256,0.999998,1.9707948e-06
4257,0.00072146,0.9992786
4258,6.5712826e-05,0.9999343
4259,0.0012972096,0.99870276
4260,2.1194312e-06,0.99999785
4261,0.0090116905,0.9909883
4262,0.99999726,2.7769752e-06
4263,0.99986863,0.0001313141
4264,0.024551822,0.97544825
4265,0.0010206588,0.9989793
4266,3.5316687e-05,0.9999647
4267,0.9999337,6.632381e-05
4268,6.4273563e-06,0.99999356
4269,6.6275056e-06,0.9999933
4270,0.9758271,0.024172874
4271,0.0018549514,0.9981451
4272,1.0340717e-06,0.9999989
4273,0.005428243,0.99457175
4274,0.22534174,0.7746582
4275,8.7569766e-05,0.9999124
4276,7.4656615e-05,0.9999254
4277,0.99999976,2.189828e-07
4278,2.350859e-05,0.9999765
4279,0.99986696,0.0001330021
4280,1.856619e-05,0.9999814
4281,0.9956247,0.004375256
4282,0.00013982954,0.99986017
4283,0.0013588495,0.9986412
4284,0.001342677,0.99865735
4285,0.99911433,0.00088560395
4286,0.005407354,0.9945926
4287,0.0024697483,0.9975303
4288,0.9999827,1.724808e-05
4289,2.776404e-05,0.9999722
4290,2.7764541e-05,0.9999722
4291,5.0114802e-05,0.99994993
4292,5.3691667e-05,0.99994636
4293,4.238409e-05,0.99995756
4294,4.6205005e-07,0.9999995
4295,1.0649435e-05,0.9999894
4296,0.99999225,7.801242e-06
4297,0.9999976,2.3711814e-06
4298,0.25926685,0.74073315
4299,0.99960846,0.0003916074
4300,0.011453848,0.9885462
4301,3.9987394e-06,0.99999595
4302,3.414517e-06,0.99999654
4303,0.99998796,1.208919e-05
4304,6.81675e-05,0.9999318
4305,0.00039052108,0.99960953
4306,1.8207997e-05,0.99998176
4307,0.99997437,2.5592002e-05
4308,1.5062135e-05,0.999985
4309,0.008321616,0.99167836
4310,0.99993896,6.10525e-05
4311,0.99897027,0.0010297878
4312,2.0307791e-06,0.999998
4313,1.1781564e-05,0.9999882
4314,0.04009034,0.9599096
4315,0.99991405,8.600016e-05
4316,1.6684548e-05,0.9999833
4317,5.9711434e-05,0.9999403
4318,0.99998367,1.632573e-05
4319,0.0012380325,0.998762
4320,0.99999917,7.8506764e-07
4321,0.0007191515,0.99928087
4322,6.678349e-05,0.99993324
4323,2.7311722e-05,0.9999727
4324,0.03405613,0.9659439
4325,7.449319e-05,0.9999255
4326,1.4055289e-05,0.99998593
4327,3.9164475e-05,0.9999608
4328,6.1259416e-05,0.9999387
4329,0.99999976,2.5793403e-07
4330,4.334046e-06,0.9999957
4331,0.07734792,0.9226521
4332,5.21071e-06,0.99999475
4333,1.9475895e-06,0.9999981
4334,0.99980325,0.00019676263
4335,0.9999999,1.7264009e-07
4336,1.1342876e-06,0.9999988
4337,0.9997379,0.00026202638
4338,9.9977595e-05,0.9999
4339,0.00038117252,0.99961877
4340,0.000121586054,0.9998784
4341,5.064839e-05,0.99994934
4342,0.00010832263,0.99989164
4343,0.00030046367,0.9996996
4344,0.044996463,0.95500356
4345,2.259829e-05,0.99997735
4346,2.0563953e-06,0.999998
4347,5.994775e-05,0.99994004
4348,7.584934e-06,0.9999924
4349,0.99456316,0.0054368326
4350,0.0012637705,0.9987362
4351,0.00011568523,0.99988425
4352,0.99987376,0.00012619352
4353,0.024594616,0.97540534
4354,2.3358318e-06,0.9999976
4355,0.25939348,0.74060655
4356,0.99996746,3.2589815e-05
4357,0.0036252458,0.9963748
4358,3.1173834e-06,0.9999969
4359,9.988973e-05,0.9999001
4360,1.2045918e-05,0.99998796
4361,3.977658e-06,0.99999607
4362,0.0048863683,0.9951137
4363,0.00061155536,0.99938846
4364,1.6039032e-05,0.9999839
4365,0.0008383935,0.9991616
4366,0.9991603,0.0008397031
4367,0.06106455,0.93893546
4368,0.00033871585,0.9996613
4369,0.00046263,0.99953735
4370,0.0026924233,0.99730754
4371,2.8174904e-06,0.99999714
4372,2.9137548e-06,0.99999714
4373,0.0016155536,0.9983845
4374,4.3900836e-06,0.9999956
4375,0.000507789,0.99949217
4376,0.00028602607,0.99971396
4377,0.00012059155,0.99987936
4378,0.9999052,9.470902e-05
4379,0.9941962,0.005803822
4380,0.005650446,0.99434954
4381,4.4682383e-06,0.9999956
4382,0.00087755773,0.99912244
4383,0.07747845,0.92252153
4384,0.014587581,0.9854124
4385,1.390518e-05,0.99998605
4386,0.00015865058,0.99984133
4387,0.0001064177,0.99989355
4388,0.0008346122,0.9991654
4389,0.00020198803,0.999798
4390,2.5571877e-05,0.99997437
4391,2.3001287e-05,0.999977
4392,0.001756937,0.9982431
4393,0.000646401,0.9993536
4394,0.9997645,0.00023545776
4395,0.00011879544,0.99988115
4396,0.94394755,0.05605245
4397,0.00034160377,0.99965835
4398,0.00018349424,0.9998165
4399,0.9998099,0.00019010004
4400,0.13858,0.86142004
4401,1.201344e-05,0.99998796
4402,0.00012780378,0.9998722
4403,2.0155685e-05,0.99997985
4404,0.99999356,6.4915703e-06
4405,0.0003398839,0.99966013
4406,0.00039528872,0.99960476
4407,0.9999683,3.1655916e-05
4408,9.3276285e-06,0.9999907
4409,0.99973327,0.0002666812
4410,0.9999988,1.1653487e-06
4411,0.9999596,4.0469422e-05
4412,1.0,5.7872374e-08
4413,3.8072852e-05,0.999962
4414,4.9334307e-05,0.99995065
4415,2.1155372e-05,0.9999789
4416,8.986316e-06,0.99999106
4417,0.002242897,0.99775714
4418,0.0001368504,0.99986315
4419,0.99993134,6.870409e-05
4420,6.2470914e-05,0.99993753
4421,0.999982,1.7948445e-05
4422,1.2915999e-06,0.9999987
4423,0.000121119716,0.9998789
4424,0.99999917,8.287271e-07
4425,0.011628834,0.9883712
4426,0.002338293,0.9976617
4427,2.7270547e-05,0.9999727
4428,0.99993575,6.4261665e-05
4429,0.0004362739,0.99956375
4430,0.9954293,0.004570765
4431,0.9998952,0.0001047996
4432,2.9486206e-05,0.99997056
4433,0.0008931153,0.9991068
4434,0.00023409499,0.99976593
4435,0.99932647,0.00067356083
4436,0.9999604,3.961962e-05
4437,0.00013706995,0.9998629
4438,0.0012952468,0.9987048
4439,3.8104722e-06,0.9999962
4440,0.00023184554,0.9997682
4441,0.00045307516,0.99954695
4442,0.0021732345,0.99782676
4443,6.0469316e-05,0.99993956
4444,0.9999505,4.9501043e-05
4445,0.989764,0.010236025
4446,2.6579415e-05,0.9999734
4447,4.0434466e-07,0.99999964
4448,0.00026546934,0.99973446
4449,1.4339624e-05,0.9999857
4450,0.99999857,1.4032489e-06
4451,0.9993794,0.0006205906
4452,0.0037083875,0.99629164
4453,0.032624777,0.9673752
4454,6.8611316e-06,0.9999931
4455,0.0010949539,0.99890506
4456,0.00017349698,0.9998265
4457,5.6079057e-06,0.9999944
4458,9.031446e-06,0.99999094
4459,3.330199e-05,0.99996674
4460,0.0010168261,0.9989832
4461,0.0030240978,0.9969759
4462,0.99843556,0.0015644715
4463,0.0003525438,0.9996475
4464,0.23645847,0.7635415
4465,0.021498825,0.97850114
4466,0.0019330685,0.99806696
4467,0.022701697,0.9772983
4468,0.004455144,0.9955448
4469,7.435579e-05,0.9999256
4470,0.00069880584,0.9993012
4471,1.0,5.7687338e-08
4472,6.438215e-06,0.99999356
4473,0.0028944458,0.99710554
4474,0.0010787772,0.9989213
4475,0.030584583,0.9694155
4476,0.00030535768,0.9996947
4477,3.710624e-06,0.9999963
4478,0.011555072,0.9884449
4479,0.99999523,4.8274746e-06
4480,1.0791459e-05,0.99998915
4481,0.0004195981,0.99958044
4482,0.001040112,0.9989599
4483,0.9998847,0.000115283954
4484,1.7851633e-07,0.9999999
4485,4.461606e-05,0.9999554
4486,0.9898511,0.010148933
4487,0.0017722448,0.9982278
4488,0.9999999,9.059026e-08
4489,9.659469e-05,0.99990344
4490,0.0014429601,0.99855703
4491,2.4354344e-05,0.9999757
4492,4.8729173e-05,0.99995124
4493,4.2141142e-05,0.9999578
4494,5.559597e-06,0.9999944
4495,6.453448e-06,0.99999356
4496,0.9996247,0.00037529404
4497,0.0070926594,0.9929073
4498,0.009184641,0.9908153
4499,0.001240786,0.99875927
4500,0.99999654,3.49543e-06
4501,0.0016675664,0.99833244
4502,6.7317255e-06,0.9999933
4503,0.002178841,0.9978212
4504,0.00022401189,0.99977595
4505,3.2317848e-07,0.99999964
4506,0.004279789,0.9957202
4507,0.99782026,0.0021797004
4508,0.99999857,1.3976208e-06
4509,3.3383323e-05,0.9999666
4510,0.00014844093,0.9998516
4511,4.8752645e-05,0.99995124
4512,0.004134282,0.9958657
4513,0.0001206402,0.99987936
4514,7.832341e-06,0.99999213
4515,1.9315807e-05,0.9999807
4516,5.9597598e-05,0.9999404
4517,0.99942064,0.00057943084
4518,0.0034817562,0.99651825
4519,0.00103244,0.9989675
4520,7.844608e-06,0.99999213
4521,0.0020251127,0.99797493
4522,2.565434e-05,0.99997437
4523,3.943484e-05,0.99996054
4524,2.3594388e-05,0.9999764
4525,1.1637118e-06,0.9999988
4526,5.9265394e-06,0.99999404
4527,0.99992883,7.122137e-05
4528,3.1357413e-05,0.99996865
4529,0.9999852,1.4755985e-05
4530,0.00012234201,0.9998777
4531,1.6139473e-05,0.9999839
4532,0.99979156,0.00020839788
4533,0.001954076,0.9980459
4534,0.00010347926,0.9998965
4535,0.0007346278,0.9992654
4536,0.0011439376,0.99885607
4537,0.0016175986,0.99838245
4538,0.014447811,0.98555213
4539,0.9998989,0.00010106255
4540,0.999816,0.0001840371
4541,3.16322e-05,0.9999684
4542,0.01250586,0.9874942
4543,2.9799021e-05,0.9999702
4544,0.9988772,0.0011228182
4545,0.00012822148,0.99987173
4546,1.5541053e-05,0.9999845
4547,1.8418583e-05,0.9999815
4548,0.999998,2.0529174e-06
4549,2.558961e-05,0.99997437
4550,2.0039306e-05,0.99998
4551,0.0066875843,0.9933124
4552,0.99997544,2.4580582e-05
4553,0.0002585945,0.9997414
4554,7.714244e-06,0.99999225
4555,1.0254189e-05,0.99998975
4556,0.00016688398,0.9998331
4557,1.3074683e-05,0.9999869
4558,0.011420671,0.9885794
4559,1.1046104e-05,0.9999889
4560,0.99999654,3.5086491e-06
4561,3.4367426e-05,0.99996567
4562,0.021696063,0.9783039
4563,4.317132e-05,0.99995685
4564,0.9911823,0.008817611
4565,0.024376156,0.97562385
4566,0.042849272,0.95715076
4567,0.9999974,2.5654329e-06
4568,0.9999219,7.806538e-05
4569,0.0077039357,0.99229604
4570,1.4948742e-05,0.9999851
4571,0.99999917,8.2883616e-07
4572,0.0019133433,0.9980867
4573,0.99968076,0.00031930648
4574,0.003932429,0.9960675
4575,0.00019712675,0.9998029
4576,4.8643715e-06,0.9999951
4577,0.9999721,2.7912442e-05
4578,0.9999021,9.788421e-05
4579,6.90628e-05,0.999931
4580,0.0015164157,0.9984836
4581,2.9503847e-06,0.999997
4582,3.0475829e-05,0.9999695
4583,7.041027e-05,0.99992955
4584,1.4692138e-05,0.99998534
4585,0.012714955,0.9872851
4586,0.9999924,7.5746543e-06
4587,4.161887e-06,0.9999958
4588,0.012232404,0.9877676
4589,6.011103e-06,0.99999404
4590,5.433275e-06,0.9999945
4591,0.030976977,0.9690231
4592,1.065614e-05,0.9999894
4593,2.7107637e-06,0.99999726
4594,8.472725e-06,0.99999154
4595,2.8351205e-06,0.99999714
4596,5.2446216e-05,0.99994755
4597,0.0002395258,0.99976045
4598,0.9999534,4.6621997e-05
4599,0.9999987,1.3389425e-06
4600,1.1546444e-05,0.99998844
4601,0.95779765,0.042202357
4602,0.00011325555,0.99988675
4603,0.9996933,0.00030676852
4604,0.00019855908,0.99980146
4605,5.3274718e-05,0.9999467
4606,0.0014454852,0.9985545
4607,0.000394497,0.9996055
4608,0.99997866,2.1336486e-05
4609,0.0002258619,0.99977416
4610,0.013594414,0.98640555
4611,0.15095404,0.84904593
4612,0.99999976,2.0987993e-07
4613,0.00018738389,0.99981266
4614,1.5490182e-06,0.99999845
4615,0.9774713,0.022528645
4616,1.3333292e-05,0.99998665
4617,9.791119e-05,0.9999021
4618,1.45328995e-05,0.99998546
4619,4.516314e-06,0.99999547
4620,0.0048205405,0.99517953
4621,0.99990785,9.212355e-05
4622,0.001934134,0.9980659
4623,9.32974e-05,0.99990666
4624,0.00044726187,0.99955267
4625,0.12995984,0.8700402
4626,5.960372e-06,0.99999404
4627,0.017330594,0.98266935
4628,0.99999297,7.010427e-06
4629,0.00049884384,0.9995011
4630,0.00011084663,0.99988914
4631,0.00016960308,0.99983037
4632,0.0037612147,0.9962388
4633,4.1743413e-05,0.9999583
4634,0.00021128455,0.9997887
4635,0.00030395243,0.999696
4636,6.5404374e-06,0.99999344
4637,0.0015173013,0.99848276
4638,0.0056449887,0.9943551
4639,0.0008065578,0.9991935
4640,2.1588048e-06,0.99999785
4641,0.39914253,0.6008575
4642,9.0341535e-05,0.99990964
4643,0.99996114,3.8908063e-05
4644,0.037055794,0.96294427
4645,0.0006497939,0.99935025
4646,0.00075041084,0.9992495
4647,0.00013585303,0.9998641
4648,0.0014991544,0.9985008
4649,0.0008063794,0.9991936
4650,0.005118588,0.9948814
4651,0.9999279,7.206868e-05
4652,4.379664e-05,0.99995625
4653,0.0144278295,0.98557216
4654,9.558986e-05,0.9999044
4655,1.7599905e-05,0.99998236
4656,2.103864e-05,0.999979
4657,0.0012082902,0.99879175
4658,0.9991972,0.0008028158
4659,0.015646292,0.98435366
4660,0.99999964,3.663475e-07
4661,0.00420138,0.99579865
4662,0.0029052952,0.99709475
4663,0.00028825802,0.9997117
4664,0.018434132,0.98156583
4665,0.017519493,0.98248047
4666,1.45902395e-05,0.99998546
4667,0.001971157,0.9980288
4668,1.1192054e-05,0.9999888
4669,0.004929202,0.9950708
4670,0.0055540474,0.9944459
4671,0.00011238735,0.9998876
4672,0.9999726,2.743839e-05
4673,4.2204083e-05,0.9999578
4674,1.921655e-07,0.99999976
4675,0.0022943332,0.99770564
4676,4.7915014e-06,0.99999523
4677,3.217079e-05,0.9999678
4678,0.98482174,0.015178326
4679,0.99996567,3.4384142e-05
4680,0.6913494,0.3086506
4681,3.710311e-05,0.9999629
4682,0.9999504,4.9538816e-05
4683,1.287612e-05,0.9999871
4684,0.9999703,2.9661258e-05
4685,5.942711e-05,0.9999405
4686,3.920416e-05,0.9999608
4687,8.284163e-06,0.9999918
4688,0.99995005,4.9929426e-05
4689,0.00010024165,0.99989974
4690,0.00012920679,0.9998708
4691,0.0001103438,0.9998896
4692,1.07585365e-05,0.9999893
4693,0.0006009584,0.99939907
4694,1.2052835e-05,0.99998796
4695,2.6862567e-06,0.99999726
4696,0.019545112,0.98045486
4697,0.0018148489,0.9981851
4698,0.99999905,9.48279e-07
4699,1.0432321e-06,0.9999989
4700,0.00021028511,0.9997898
4701,0.0004067028,0.9995933
4702,0.99976116,0.00023879998
4703,0.0039762566,0.9960238
4704,0.0008198254,0.99918014
4705,1.5305164e-05,0.99998474
4706,0.99965274,0.0003472781
4707,0.0004123195,0.9995877
